,comicID,x1,x2,x3
0,1,6.837961,21.407763,-24.325033
1,2,9.906508,21.716639,-5.884641
2,3,20.868893,-7.5110455,-3.6016319
3,4,19.002262,-7.0251856,-4.4330506
4,5,20.063015,19.975441,-12.395782
5,6,-0.1473494,-3.3417263,12.701694
6,7,-7.759432,-1.5298057,-24.031513
7,8,6.899431,14.484245,-21.651747
8,9,-7.569058,4.918556,-26.483313
9,10,23.975435,-6.084806,3.605891
10,11,7.7619267,21.885685,-24.515192
11,12,-19.2527,8.268398,10.21376
12,13,0.96890223,6.86741,6.0936465
13,14,-12.3900175,10.144784,-6.5404453
14,15,7.3704567,-6.131415,-17.651497
15,16,-21.72343,-0.29610053,-10.232798
16,17,-14.846502,15.680903,3.5158985
17,18,-5.3671885,-1.4690665,12.885799
18,19,19.699461,3.7583718,4.0182743
19,20,-18.776644,-9.77156,-4.3013635
20,21,-9.023312,-8.922261,-2.6815338
21,22,8.4983225,20.029545,-22.158709
22,23,-30.129753,2.1646695,0.43667877
23,24,-4.6948385,21.133595,2.5089855
24,25,9.50355,20.252708,-2.4514866
25,26,-5.796307,-16.987644,13.205581
26,27,1.8596286,26.484983,-10.55038
27,28,1.37846,-7.2319345,11.048777
28,29,-20.802029,2.76452,-0.61126554
29,30,-14.136475,17.57308,-7.763388
30,31,0.84992874,9.178488,19.894981
31,32,6.8252044,-3.502057,-16.987719
32,33,-4.4614353,2.623094,23.890821
33,34,2.9488568,18.62706,0.36744404
34,35,13.353325,20.823338,-3.6154494
35,36,-18.042124,-6.021698,-16.684841
36,37,-4.301687,-10.10982,-4.37437
37,38,-10.271556,-10.969703,0.048094995
38,39,-11.363615,12.587854,-14.209182
39,40,-0.43091688,14.936481,-17.1434
40,41,4.912412,0.48354217,-17.897728
41,42,6.5984583,-17.236267,-19.16423
42,43,9.215311,14.41766,-23.369228
43,44,-14.238576,-19.24038,13.553709
44,45,6.713515,6.5603256,-14.445777
45,46,-8.519821,11.400954,-23.665773
46,47,11.312275,12.92324,-12.784678
47,48,15.608897,19.91736,-8.586735
48,49,-26.555376,-9.442477,-1.4161804
49,50,-20.83373,1.8693724,-10.211092
50,51,10.420383,0.8913935,-15.519476
51,52,25.01739,13.853694,-15.272095
52,53,4.786931,3.1989498,-15.613448
53,54,25.440928,8.055109,-5.250084
54,55,24.324688,-13.754219,9.502219
55,56,6.281985,-15.646184,2.2953386
56,57,-21.940622,-15.67995,-0.97471625
57,58,-28.107677,-15.109164,6.2857275
58,59,-29.09846,-6.959803,3.9532855
59,60,-20.183994,4.084114,-13.473486
60,61,33.04775,4.702012,20.038599
61,62,-26.378279,7.1922684,-8.402998
62,63,-30.790894,4.4617867,-2.519906
63,64,-6.523089,4.3564863,22.619858
64,65,-30.465082,-6.335035,13.223262
65,66,3.710681,9.492687,9.882691
66,67,-15.696201,1.9008573,-7.0564737
67,68,-3.6820338,-0.3709564,12.760163
68,69,-23.411976,-11.734559,4.5082507
69,70,6.418103,-9.043584,-24.836498
70,71,-17.53232,-18.709091,2.3533986
71,72,-17.904228,1.6644077,-4.9503317
72,73,1.6577709,7.0088263,7.9059825
73,74,15.9862585,6.597304,0.2935204
74,75,-15.153704,-13.7628355,13.446912
75,76,-30.650225,-4.2591896,1.1057942
76,77,-15.120157,3.6908822,-18.882383
77,78,-2.0707798,6.4646363,4.8779025
78,79,-14.582824,-5.730744,-6.973262
79,80,12.631389,14.682929,8.351636
80,81,6.352247,-16.345732,-20.412037
81,82,12.232763,12.96909,-23.138998
82,83,-18.664953,3.551716,-11.994947
83,84,-18.619408,-6.952354,4.350415
84,85,22.883745,2.122849,-9.771376
85,86,-24.378096,3.3038728,4.772403
86,87,1.2021925,11.882212,-6.0167584
87,88,5.4194794,-14.75704,-1.7977633
88,89,11.057109,3.54571,11.767446
89,90,-20.144997,-18.469702,-3.258118
90,91,7.2153473,-4.0664153,12.2890835
91,92,-27.009167,-1.0339514,-10.85036
92,93,-2.8999782,-6.370849,-21.525211
93,94,-17.350096,-10.77339,20.780558
94,95,-1.9208854,11.640272,15.889969
95,96,-34.140373,-11.891046,-3.2978663
96,97,-28.127213,-5.8199983,-4.593113
97,98,5.9135985,10.912233,-22.71073
98,99,30.794802,-11.42031,4.5573463
99,100,4.2021384,11.84971,-17.861578
100,101,16.49418,-9.9503,-4.7435656
101,102,-30.502174,-9.117337,6.1363907
102,103,12.853794,4.0437117,11.137314
103,104,-32.035416,-1.5939754,-5.787648
104,105,-17.901447,0.60979694,-8.540147
105,106,-23.423677,-3.5975454,-0.24151745
106,107,12.555978,2.9294138,-20.727776
107,108,-16.469208,-22.713764,13.304335
108,109,-3.0009902,6.6497245,15.964554
109,110,5.3317504,-19.167479,10.927537
110,111,27.032455,-5.1977715,-2.5565598
111,112,13.831687,1.0049375,16.725153
112,113,9.371865,3.9740515,10.06333
113,114,-28.624468,1.4736294,2.1587758
114,115,-18.407263,5.435139,-5.116701
115,116,-2.284988,-10.964527,-19.636179
116,117,7.0079217,0.04974395,13.505534
117,118,-19.39868,-13.435526,-1.78024
118,119,6.71874,-10.002299,-25.251877
119,120,-12.015079,-2.542182,-20.30388
120,121,-11.5125265,-0.029112589,-17.935883
121,122,-26.20909,-0.399379,-12.990977
122,123,11.98265,2.8230603,9.310809
123,124,-16.638357,-11.78175,19.660685
124,125,-28.49745,4.8089795,0.8994411
125,126,9.885152,2.0418894,11.562773
126,127,-3.613034,10.829872,-26.197233
127,128,10.483242,-0.18928722,19.43439
128,129,14.0537815,-10.6032915,2.687392
129,130,2.329277,-15.05782,10.204018
130,131,-21.68636,-13.837557,-4.8175
131,132,-24.18268,-11.649214,12.515731
132,133,-26.551807,-4.3648677,-11.557183
133,134,0.36889142,-10.709699,6.4070663
134,135,4.764565,-1.6221317,8.102501
135,136,19.35874,7.6546764,-12.846828
136,137,-30.642149,-0.3748755,-3.9873106
137,138,-21.991693,8.092381,10.966425
138,139,6.137655,8.24748,-7.814958
139,140,-1.7087684,26.68656,-10.485389
140,141,-0.29892325,3.1236794,-26.3718
141,142,-5.347433,7.320655,-20.786863
142,143,-7.8805017,4.6160007,-24.226337
143,144,17.452381,11.716733,-17.090237
144,145,-1.3596506,3.2746174,-25.589779
145,146,-21.382915,9.2713,9.701652
146,147,-14.383161,-4.052551,-11.319356
147,148,-32.162403,-12.211415,9.650177
148,149,-6.355831,-10.219166,2.1519845
149,150,-12.689892,-9.28154,-10.640203
150,151,-14.549443,-9.682156,16.247705
151,152,-7.925946,-13.838563,-5.2767425
152,153,22.476372,3.0457366,9.288959
153,154,4.8626175,-3.3938146,-16.223455
154,155,18.102022,-4.677729,18.178087
155,156,-9.296182,7.4998264,-9.33646
156,157,-21.334724,-1.4423755,-11.904701
157,158,-30.381966,-1.7946786,-4.695549
158,159,-21.941347,-13.707628,10.927366
159,160,-26.899649,-2.8539188,-10.315341
160,161,-7.223519,-4.6879735,13.953043
161,162,-1.0253661,14.428134,-20.101583
162,163,-19.61027,7.8045945,-3.1341875
163,164,-31.750658,-0.82825804,-3.4451983
164,165,9.358488,-3.4030974,-20.32412
165,166,-31.982664,-4.58072,5.3141727
166,167,-22.383984,19.423603,2.8583794
167,168,-31.59689,-8.29719,5.067615
168,169,-17.47091,9.537868,12.471381
169,170,-26.457405,-14.437847,9.716842
170,171,-25.2955,-10.936237,8.370373
171,172,5.986933,-9.023755,-16.170357
172,173,-0.028427143,-0.62246644,-4.093334
173,174,-28.27093,-2.93521,-5.4328475
174,175,-32.461926,-8.175269,2.9337208
175,176,-29.92809,-1.7829975,-10.088068
176,177,-26.936998,-1.6283599,-3.8310583
177,178,-20.04943,6.720869,6.4728394
178,179,0.79034156,-8.019647,-0.56094867
179,180,-25.647474,-6.9637437,2.1340907
180,181,16.062216,-0.03690658,5.663096
181,182,-20.201283,-7.6560674,-0.5171441
182,183,-28.19118,1.3139077,-9.098831
183,184,25.274494,-2.599911,-2.832498
184,185,-29.608025,-16.428947,4.9425797
185,186,-3.1971037,-10.801868,8.921851
186,187,3.7322345,-3.6471736,-18.35533
187,188,-11.470031,-18.447485,-20.56507
188,189,-8.612254,-7.070442,-4.7276673
189,190,-13.681737,8.46683,2.7250836
190,191,29.169788,-1.9052799,17.728113
191,192,-25.99349,0.035063263,-9.962347
192,193,-4.548641,-8.142365,6.7320795
193,194,-21.03587,-1.4374071,-5.7275515
194,195,29.055492,-10.052552,8.454929
195,196,-31.441568,-11.440196,-8.388819
196,197,24.808573,-10.059341,-0.6958647
197,198,-17.42521,-2.2597458,-11.858722
198,199,12.217997,7.5415397,-13.693059
199,200,-8.787752,-4.676337,-17.821678
200,201,-0.33674505,-8.7250805,9.129779
201,202,9.219907,-3.607606,15.350049
202,203,-23.75791,-7.96069,-3.6953156
203,204,17.847652,6.889752,-8.010317
204,205,1.0545764,17.875658,-15.386003
205,206,-22.36097,6.215491,4.2843432
206,207,7.2107472,6.135638,-11.250234
207,208,-0.71923023,-9.025006,6.4905057
208,209,-16.022556,13.255847,-8.094842
209,210,-14.257481,-12.681683,18.721087
210,211,-0.80308545,-2.083876,-25.207071
211,212,-3.2594318,23.037418,1.5439242
212,213,-23.666168,-13.766224,-3.15352
213,214,26.165665,4.379878,-10.332684
214,215,-2.373803,10.393616,18.653173
215,216,22.814535,2.763629,5.088049
216,217,-13.173444,5.7101574,1.5347667
217,218,-5.6996527,18.934841,5.647225
218,219,-27.324738,4.275751,4.724282
219,220,-8.407974,-1.6592191,-16.39366
220,221,25.261477,-11.315838,11.719104
221,222,-30.433752,-11.894649,9.543833
222,223,-30.15528,4.503667,-5.3153663
223,224,3.2643979,-4.884256,9.62963
224,225,-0.94277036,5.5339913,-19.519804
225,226,11.817121,-13.180694,-12.732363
226,227,-8.923779,-10.675558,3.077455
227,228,-23.763165,-10.377451,-5.658555
228,229,9.050966,-14.61696,2.0774894
229,230,-1.6592488,-12.74622,3.5645564
230,231,12.534316,9.773559,-8.8748
231,232,-14.41257,-14.027575,-1.351585
232,233,6.282444,1.2409858,17.779375
233,234,-15.395067,-8.129137,-2.49347
234,235,-2.120182,6.5690985,21.708628
235,236,0.4077588,7.7439547,-5.942062
236,237,1.0142329,12.108205,7.224459
237,238,-7.806934,-7.9918795,3.9141781
238,239,-16.810425,8.688541,3.0088594
239,240,-15.690828,-4.115318,-12.593155
240,241,1.0997933,1.8404679,11.143933
241,242,-6.455887,2.189331,24.436676
242,243,15.878416,-8.2788925,0.6773109
243,244,-15.749848,-16.878155,9.3110485
244,245,-10.28484,16.930687,-18.916782
245,246,-6.262178,5.9460974,-19.174637
246,247,-2.8100948,-11.198232,-0.194855
247,248,-18.502138,13.214224,-8.479452
248,249,-9.0702305,6.5328956,-13.194078
249,250,-20.292564,0.12698424,3.1260443
250,251,-25.501003,-7.751984,-6.604295
251,252,27.650217,5.800381,-1.3004603
252,253,25.707745,3.3503518,-13.181371
253,254,1.8462164,12.900527,-16.545872
254,255,-14.24475,-3.4403763,-14.5166645
255,256,15.944843,-7.494995,22.12803
256,257,14.22294,-9.371894,21.683504
257,258,-19.954304,-1.6718042,0.8897974
258,259,-16.69602,-14.798419,19.155394
259,260,10.310812,13.741003,-14.438507
260,261,-1.6425601,-5.924261,6.6543903
261,262,-17.332201,10.211354,5.893563
262,263,-23.960222,-2.3729637,3.8497112
263,264,-1.6406142,10.340376,17.275877
264,265,6.4689198,1.0705593,4.7964725
265,266,1.8566692,10.253986,3.1004298
266,267,-26.021175,3.2691245,-5.7264442
267,268,-0.11434581,4.5620117,15.1463375
268,269,-1.2374551,-7.821681,-0.6256154
269,270,-13.088937,-8.041068,-15.366033
270,271,14.976071,11.566168,-6.6997867
271,272,-8.090652,8.695714,21.067764
272,273,23.472237,-2.7865126,7.087457
273,274,-1.2165126,-6.6010456,1.4872681
274,275,-21.32041,-5.7786856,-6.265162
275,276,33.04775,4.702012,20.038599
276,277,-11.619763,-5.5400367,-4.018322
277,278,-15.645708,5.33884,7.6695356
278,279,-23.130966,-11.127921,-2.6515918
279,280,-9.808761,-22.779976,12.771178
280,281,-7.7229753,-20.298859,17.508022
281,282,-15.130298,-10.673528,7.8864145
282,283,-11.017189,-9.406635,-8.987464
283,284,-4.661235,3.8068562,20.366394
284,285,12.336144,1.6842179,-4.617309
285,286,-3.9344683,-13.778264,17.32286
286,287,-1.5356265,27.593536,-12.5527725
287,288,17.17711,-10.051132,-8.332336
288,289,-11.231476,-13.123799,-7.535079
289,290,26.314148,-3.07838,0.52666765
290,291,-20.756306,16.471424,-6.2791257
291,292,-6.5444713,9.288328,22.166737
292,293,-1.8720216,-0.61042553,-16.678352
293,294,-2.3951087,-9.366131,0.25500247
294,295,10.094151,-12.418209,0.58577806
295,296,-7.1512814,-6.663172,19.344643
296,297,15.0957985,-6.859553,12.412439
297,298,-15.1855135,9.9658985,7.6315846
298,299,-20.54141,-8.055429,-6.688536
299,300,-14.75426,-11.923075,13.168591
300,301,-16.63242,-16.462292,0.14575492
301,302,-28.952528,-6.09687,7.8277783
302,303,-1.1130068,-8.538176,4.727587
303,304,-13.464224,-6.002617,-15.512748
304,305,-14.701045,-11.660945,-11.017351
305,306,0.36703968,-11.640531,-5.4534707
306,307,12.424796,-6.5629163,11.255896
307,308,-3.918678,7.284824,-18.990545
308,309,3.1018982,-9.544557,-3.7021816
309,310,-14.498481,7.0728,-12.738084
310,311,-14.482722,-8.718926,-14.867923
311,312,14.590133,7.496496,13.869829
312,313,-1.3122243,20.236557,4.576895
313,314,6.5048327,-2.0298867,7.0566516
314,315,2.314744,-11.106217,20.936499
315,316,-15.084467,-6.961528,-12.03137
316,317,-19.47787,-10.996342,-8.105272
317,318,-10.444424,-1.4717352,3.2912025
318,319,-6.3635263,22.084478,1.7490754
319,320,-24.26351,-15.70003,-4.329817
320,321,-9.478953,-15.037543,-10.734927
321,322,10.773482,4.220681,16.048086
322,323,10.036116,3.4813938,5.438486
323,324,-7.224971,3.3082333,4.810838
324,325,-6.958567,1.4307771,10.571409
325,326,-21.551859,-7.6211967,5.4613934
326,327,31.735308,5.4667983,21.085121
327,328,-20.56611,-13.347708,9.7422495
328,329,-34.041763,-10.432904,7.1241655
329,330,-22.07646,-7.0649743,3.7361383
330,331,-12.935807,-15.106865,12.699546
331,332,-1.1978056,4.4920497,21.473293
332,333,14.078145,13.659163,-4.1121893
333,334,-31.41701,-2.0183697,-8.203613
334,335,-1.962847,0.3157726,-9.835348
335,336,-1.0322449,20.297672,13.044865
336,337,-2.6198032,5.725812,-10.5128975
337,338,3.8065295,7.719891,1.4312714
338,339,7.0458293,-4.113953,-23.883959
339,340,-11.597441,-3.6767523,-15.014024
340,341,-7.5746346,-3.7454216,3.222138
341,342,-0.20575315,8.907381,-13.67937
342,343,3.326832,-14.414961,9.023999
343,344,-2.2811093,-5.0787888,-19.150543
344,345,-2.8068206,-5.162352,-20.238062
345,346,-8.050291,-12.5868845,0.022040134
346,347,6.716212,14.611891,-12.267248
347,348,-17.782593,-18.236914,13.000821
348,349,-9.86631,-5.865467,-7.0622845
349,350,-6.9516907,12.280813,-0.32784748
350,351,-5.374988,5.054045,9.497092
351,352,-6.454955,-12.770727,16.39346
352,353,-11.78403,-7.579797,10.455313
353,354,-4.5026445,7.070813,0.11155916
354,355,-25.661747,-14.608753,6.7753925
355,356,6.008902,7.0767484,-9.631204
356,357,-8.599537,-10.793657,0.7299544
357,358,2.3198671,15.2193775,-21.7791
358,359,-25.055737,-16.103659,-8.801323
359,360,-23.792929,8.871891,8.694854
360,361,-13.469424,-5.4414215,-17.104637
361,362,-17.278074,-12.713405,16.80687
362,363,-0.8011132,0.19047216,5.6651063
363,364,-29.472118,-7.872617,10.835156
364,365,-31.513826,1.4009813,-3.851937
365,366,-28.309708,-9.645898,8.672338
366,367,-14.971177,-16.428099,13.896464
367,368,-8.323852,11.414801,7.444705
368,369,25.991451,-10.195422,7.0535884
369,370,-21.973593,-7.761536,13.087787
370,371,-27.465544,-10.887686,-6.371342
371,372,-0.34535158,9.7956085,18.548141
372,373,17.507296,0.43128607,-0.3293001
373,374,-7.0790396,7.7442875,-21.773594
374,375,4.177955,-14.512791,5.581756
375,376,-6.9227114,7.5078077,-2.194076
376,377,-24.313183,11.242867,6.9912057
377,378,7.0134983,13.374308,-0.6644325
378,379,-2.4544787,1.7476416,25.73704
379,380,-1.1911267,1.491433,26.303642
380,381,16.327797,-14.5568495,-11.404484
381,382,-5.986995,-14.610876,6.887435
382,383,0.016921775,3.4907446,16.59689
383,384,23.308567,-1.6931672,12.566246
384,385,2.8457892,-2.4749756,11.612149
385,386,-14.685183,-7.114929,8.832648
386,387,-4.8615756,-20.094412,0.26750097
387,388,3.2416916,23.498861,-11.000369
388,389,-1.3153007,-5.6718526,-17.665249
389,390,-24.807251,-15.636404,0.15603541
390,391,-32.86557,4.1120534,1.7454594
391,392,-17.633299,12.415031,11.513659
392,393,4.7080116,1.4281077,-15.335984
393,394,26.828508,-7.5680404,12.633285
394,395,-3.0633948,18.371569,-3.7838447
395,396,-9.395741,-19.496225,-8.515025
396,397,-19.083456,-5.162592,11.182233
397,398,-6.051448,1.5910192,6.815291
398,399,4.9156637,5.23964,-2.3230708
399,400,-7.0522456,-5.130972,-20.318262
400,401,-16.060343,-20.156364,6.2729707
401,402,10.325974,16.186415,-17.276762
402,403,-22.319324,-21.507565,8.170037
403,404,24.571503,-10.114431,16.00635
404,405,-8.590766,9.97881,13.637168
405,406,14.919274,3.390408,15.394204
406,407,-10.235062,0.68579435,18.76013
407,408,-13.213506,-9.91299,14.363849
408,409,-6.87935,-6.7837944,17.69375
409,410,11.520518,7.540195,-8.061545
410,411,-18.595802,-14.962046,-8.674275
411,412,12.432371,10.868354,-22.19255
412,413,-6.8991175,-16.058308,14.078266
413,414,13.567485,13.983749,-19.98622
414,415,-7.8151174,1.0335594,-8.482367
415,416,-5.250235,0.18661511,0.9101055
416,417,-5.1684146,1.4745812,20.729364
417,418,25.456919,5.971711,-4.2240987
418,419,2.1293995,7.952966,-2.104511
419,420,-28.308626,-1.595392,-10.573922
420,421,4.80716,14.826231,-12.886917
421,422,-13.978891,9.597431,-18.878195
422,423,0.53084505,3.6018257,-17.827967
423,424,22.834452,-10.622863,14.285501
424,425,3.5977783,-5.658079,-10.539652
425,426,30.26193,-9.28505,9.465522
426,427,-22.368982,-15.036841,5.742496
427,428,1.8149185,-3.0768478,-25.873507
428,429,-13.056825,-11.704623,-10.155535
429,430,0.16414134,17.541122,-21.045284
430,431,-17.415155,-1.3675517,17.46747
431,432,-4.8658404,4.574694,-24.728325
432,433,-23.106056,10.776322,6.417597
433,434,-17.865267,2.317437,6.8796763
434,435,15.126808,5.197284,-12.9727745
435,436,-22.14611,-8.582303,-9.362634
436,437,3.0279126,-12.544745,15.430134
437,438,-3.2969723,10.819489,20.431362
438,439,-21.991974,-12.456901,3.686185
439,440,-10.813442,0.8769308,8.551127
440,441,-20.578823,-10.685695,-0.25940117
441,442,-6.44995,2.7770424,13.458304
442,443,-13.873243,-15.729229,-12.927473
443,444,-3.3030534,6.0008197,-8.766047
444,445,12.714979,-18.638287,-12.258603
445,446,-2.3338106,13.973268,-10.726425
446,447,-18.242151,-9.277503,6.816612
447,448,-23.771286,-11.71624,-8.421851
448,449,-28.419756,-15.1578045,9.56952
449,450,-4.0439777,15.66456,-17.974989
450,451,-0.18109167,-2.0048065,-8.2646675
451,452,-21.288036,16.378355,1.997795
452,453,19.0992,20.350834,2.1672223
453,454,18.917213,-4.519736,2.0883918
454,455,-8.754457,10.55866,12.045762
455,456,-7.220106,-5.072522,3.0169356
456,457,-7.661726,6.0454144,14.557867
457,458,24.113293,-10.773922,6.359559
458,459,11.115966,-1.211099,17.048162
459,460,-9.9342,-19.791775,-10.333786
460,461,9.160333,-4.729032,12.267148
461,462,-0.26790515,-4.580103,8.840941
462,463,-10.00137,-9.9120035,6.5681477
463,464,-29.082285,-9.162418,5.250296
464,465,3.947956,0.052310273,-2.335962
465,466,-0.88164,1.36693,-13.887632
466,467,31.66023,-10.138747,4.5982847
467,468,3.9095187,-11.467706,10.078026
468,469,3.7429802,-19.54369,19.81462
469,470,-2.4570382,-0.3817974,5.7019606
470,471,-17.684885,-1.2134804,-6.418544
471,472,-0.6357742,25.5263,-11.725094
472,473,-25.93498,-4.197984,-4.0045524
473,474,-19.899887,-14.276919,9.256388
474,475,-4.2202067,4.250568,24.16759
475,476,11.824729,7.916445,-6.4058766
476,477,10.700011,4.244268,19.597324
477,478,-1.3083385,-1.7508116,19.62094
478,479,-16.508408,-2.2421296,-17.656248
479,480,-12.693451,0.10317105,1.9132059
480,481,-21.912127,11.413403,11.841093
481,482,25.273254,-2.1481354,10.282969
482,483,13.593552,2.1591828,14.459646
483,484,-5.9856114,12.286617,-2.1420867
484,485,11.690364,10.097266,5.623313
485,486,-7.1718583,-20.913565,6.8705816
486,487,-3.578627,-1.5603166,21.967234
487,488,-13.016644,4.7939816,9.246488
488,489,-23.946314,-16.493631,6.9618325
489,490,13.45082,-0.08138621,3.458986
490,491,-4.410587,-22.691929,9.475963
491,492,10.271896,3.9818466,-7.1065063
492,493,-15.789055,-8.390432,-5.2869353
493,494,-13.162831,-7.796545,5.3212876
494,495,1.7944711,5.478631,-19.653006
495,496,-26.60169,5.9375205,9.402481
496,497,-5.5112,7.7020154,10.33003
497,498,-4.3489866,7.078478,8.936359
498,499,-1.7398047,3.188358,3.5279987
499,500,-6.9270673,10.062523,23.51268
500,501,8.245585,8.769462,-16.374775
501,502,-15.870471,18.660192,-2.30505
502,503,29.940325,-1.9376032,-7.5531626
503,504,-11.605,-14.302004,3.8741417
504,505,16.042797,9.659243,-9.907758
505,506,-22.20954,11.888627,5.312605
506,507,-5.988125,-9.555297,-21.801659
507,508,-8.004003,-0.19190715,23.48161
508,509,7.6086607,15.501734,0.48126858
509,510,-2.3153427,23.601917,-9.385422
510,511,-15.637748,-9.723972,-15.867918
511,512,6.603608,20.887096,5.4587417
512,513,-24.62999,-10.063447,-1.8443499
513,514,-13.672086,-15.561498,5.933862
514,515,-9.285638,10.104581,14.630019
515,516,-15.695673,-5.016044,-3.3775234
516,517,-3.1335132,-1.7902035,19.815077
517,518,21.167118,-2.7741728,-5.375307
518,519,25.961174,-0.84179986,-1.4765745
519,520,6.12684,12.34613,-17.851257
520,521,-6.937941,1.181093,12.443976
521,522,18.448652,-4.17187,20.48997
522,523,9.358488,2.4704118,4.029629
523,524,-25.518084,9.750987,9.134973
524,525,-16.955513,-5.1652203,-15.138155
525,526,26.777588,-2.1026804,9.189064
526,527,-13.814032,5.710561,-0.4619407
527,528,-8.529365,-13.840728,14.517126
528,529,-10.1837,-17.57883,5.548719
529,530,-6.3422017,-2.480596,3.051912
530,531,-7.9319153,-14.322236,-0.5720796
531,532,-15.323245,-2.90949,8.15815
532,533,0.4835294,-10.308971,12.103043
533,534,23.820868,-11.172189,9.271008
534,535,-14.6491,-6.600981,5.008806
535,536,-11.949332,-18.22593,4.3082166
536,537,-5.9710503,-0.76714903,16.84622
537,538,-8.166487,-7.8595004,0.637848
538,539,-12.616744,-15.980255,9.815536
539,540,25.03474,2.3165188,-10.055428
540,541,9.125196,4.393417,18.218067
541,542,-8.141233,7.4420633,-23.259352
542,543,21.666565,11.769625,3.9583392
543,544,-1.4674536,-3.952883,-26.0534
544,545,25.863132,-6.795983,-5.7526207
545,546,-2.469112,-8.41038,8.150457
546,547,-21.864237,-7.083457,-14.822934
547,548,2.9301107,-5.049636,5.051689
548,549,-15.295869,-0.78836983,-8.168239
549,550,-2.4071934,-17.512903,12.215904
550,551,2.6657166,4.355584,2.2458384
551,552,-20.460249,-19.51493,6.3690057
552,553,-3.0034564,-3.5826464,8.373537
553,554,0.54447556,-2.1268501,-5.993437
554,555,-2.2232597,7.9963193,13.131166
555,556,9.313599,14.9556055,-9.387755
556,557,-16.870127,-3.5209892,-13.337294
557,558,22.653114,0.7592131,-0.5972044
558,559,-16.020973,10.318595,14.011181
559,560,12.917148,0.5325094,-2.318835
560,561,-18.945158,4.2445283,-8.511058
561,562,-0.027015883,9.840994,-24.326256
562,563,21.715563,-1.9857485,8.3061695
563,564,-10.161963,-12.7071495,5.0248904
564,565,11.538072,-7.1523795,2.8182282
565,566,-0.66754866,7.3082275,4.957529
566,567,-13.260152,-5.976537,-1.7332928
567,568,-19.472124,4.3336353,-9.502493
568,569,4.35511,21.197538,9.013799
569,570,-6.0345755,-8.021331,-3.8423603
570,571,-1.1666207,8.624029,-8.992604
571,572,-1.5235858,9.398766,-13.699894
572,573,-8.141277,-3.8531883,-13.770532
573,574,4.081826,-11.349527,21.926645
574,575,-14.301196,-17.7368,12.792622
575,576,-5.609009,0.14004481,7.461345
576,577,-8.754072,-4.281354,17.296457
577,578,-11.77635,-6.834051,16.219553
578,579,-9.168821,-7.0474887,16.657537
579,580,-10.105192,-5.5670958,16.292448
580,581,-10.311996,-5.0692163,15.299203
581,582,-4.3833675,-2.6937866,-7.880452
582,583,-8.647615,-18.468857,15.7570505
583,584,1.6351084,4.9697175,14.153038
584,585,6.472013,16.766682,-6.6543994
585,586,-11.957059,-11.473688,-10.548574
586,587,0.8347334,8.416832,-15.410641
587,588,5.2876434,-2.569262,18.801003
588,589,12.072941,6.865194,-9.669832
589,590,-3.084479,-8.601228,-15.049864
590,591,6.2697015,0.6063149,-16.70819
591,592,-16.03486,-6.155115,0.53052324
592,593,1.1186696,-3.5490456,10.317493
593,594,0.50109065,1.3783504,0.9700576
594,595,-4.1368346,-3.244601,-18.02884
595,596,10.009282,-11.895881,10.35323
596,597,-5.7074156,-3.1238678,-11.280511
597,598,7.38156,1.7159684,-16.49067
598,599,7.7282667,12.130231,-16.492111
599,600,-12.050491,-19.576773,-7.7391424
600,601,13.309872,-5.502932,0.71926075
601,602,4.820885,-4.229936,17.560392
602,603,-11.811909,3.7449396,-5.5605526
603,604,-1.6274518,-6.709677,-1.2571225
604,605,7.68613,-0.9435648,3.6301808
605,606,-4.2877617,-12.591328,7.842054
606,607,-33.86602,-6.6896152,8.910381
607,608,17.276031,-8.984457,-5.955332
608,609,-4.9043074,10.725624,20.615005
609,610,-4.887153,22.489857,4.0305653
610,611,-25.057226,4.6052785,3.2499304
611,612,-4.3854103,-4.577368,0.86910236
612,613,-26.860365,-11.998143,6.4691834
613,614,-17.753036,20.214745,-5.6598935
614,615,-30.514898,-7.7203097,10.261363
615,616,-28.543612,-3.512493,-2.2988043
616,617,0.8844951,7.781477,-22.439922
617,618,9.452172,7.8360124,-19.848171
618,619,-7.8231397,10.659729,0.5040617
619,620,7.6087356,14.094422,1.420992
620,621,-26.342087,-6.35221,-3.884156
621,622,-0.893628,-0.77282465,-8.725796
622,623,19.652683,9.931429,-3.085349
623,624,-2.1626878,-13.894405,17.4983
624,625,-25.997694,-12.237992,11.178994
625,626,7.235134,7.412333,-3.5854282
626,627,7.7121677,0.75089437,18.514265
627,628,-27.264048,-12.548269,9.389348
628,629,-12.760686,-7.255541,8.716398
629,630,-28.732332,-4.122359,9.029559
630,631,3.4578247,-3.0925848,19.135727
631,632,-31.54981,-9.71834,14.564425
632,633,-2.230322,5.7739377,8.025471
633,634,-11.600434,-4.770564,1.7938578
634,635,13.286285,-0.6941524,-5.5556126
635,636,-11.010479,-18.287052,9.994447
636,637,-5.804891,-19.243755,16.488306
637,638,5.509873,23.61606,6.5928154
638,639,7.345053,19.414728,9.680521
639,640,-9.242369,4.82909,-5.365662
640,641,-2.6498468,24.626442,-13.031278
641,642,-30.36267,-7.845393,14.539793
642,643,-3.2981117,1.0588776,14.511623
643,644,7.0991426,4.246494,15.371993
644,645,12.504011,-3.2791042,14.715385
645,646,31.081532,0.63840115,2.508017
646,647,-3.2469978,-3.4970903,-22.0769
647,648,9.882568,19.444923,-17.341684
648,649,-26.886955,-11.915904,8.1912775
649,650,-5.005863,0.26726857,22.672365
650,651,-17.837439,-6.395075,-2.021094
651,652,11.292941,-1.2841524,11.428306
652,653,10.935594,-14.694419,5.310861
653,654,-9.342669,-4.470931,5.4100657
654,655,12.83164,12.090531,-21.615364
655,656,-13.139574,-6.1828322,19.722206
656,657,26.136906,-9.517445,0.4709571
657,658,3.5952444,12.034126,-8.360694
658,659,-9.00594,1.5485529,-11.791149
659,660,-17.968521,-7.042632,-5.890233
660,661,-26.521624,4.9616694,7.6989417
661,662,-13.561527,-2.388483,2.5962389
662,663,-1.9618405,-3.9251702,15.485609
663,664,3.0153794,-5.4045057,-7.23519
664,665,-2.3736408,7.6141477,14.751611
665,666,-14.519719,11.399631,1.1422545
666,667,8.597082,-0.15581264,13.015752
667,668,10.791582,-15.820659,2.1532562
668,669,-5.8663783,2.1362512,22.46265
669,670,11.154024,-3.337378,11.853258
670,671,-5.1400127,9.439683,-22.801573
671,672,-26.519588,-14.837475,-1.1819918
672,673,8.7990885,11.230577,-16.444649
673,674,-27.175125,-16.472952,3.2058125
674,675,-21.871525,-1.8404677,1.0176928
675,676,14.772426,6.389198,-4.1666546
676,677,-15.494363,15.08572,-2.9919064
677,678,12.917812,6.2187433,16.944817
678,679,-31.64245,-9.899733,7.34871
679,680,-5.67446,10.1897,-18.18882
680,681,17.769938,13.496579,1.7912779
681,682,0.7238426,13.123131,-9.031181
682,683,5.036721,11.970142,-6.058698
683,684,-19.199116,-15.841268,1.3112388
684,685,4.2725043,0.20868276,-3.6725376
685,686,15.441105,-2.7162092,-1.2142528
686,687,18.898664,3.0809278,6.05129
687,688,21.680023,11.252612,-11.236244
688,689,9.874337,16.455744,-4.662307
689,690,7.813561,7.2915425,-20.85161
690,691,1.0026208,-10.678063,1.4427445
691,692,5.426016,-18.344992,-0.2923964
692,693,-12.657802,-3.9903443,22.009079
693,694,-6.7323785,-14.349429,19.438454
694,695,10.20419,-2.4462194,18.131758
695,696,25.694807,-12.875248,8.874675
696,697,11.397559,13.960106,-17.955685
697,698,-15.342919,-20.172974,10.031472
698,699,-27.950977,5.263025,-3.4069347
699,700,-5.5566325,17.337936,2.702909
700,701,-25.228127,6.040937,-7.6485476
701,702,8.198099,20.395905,-4.485943
702,703,0.37464708,-10.000414,-6.308492
703,704,-7.967588,-9.78532,1.6988882
704,705,-6.8571215,3.4915602,-3.073788
705,706,-17.298466,-7.555336,-7.110236
706,707,-28.063877,-13.047633,1.3441001
707,708,-5.7407904,-1.6011679,-21.306791
708,709,12.224766,-7.854978,11.736964
709,710,10.633026,9.369307,11.25337
710,711,-0.605538,7.1645074,-12.753522
711,712,-22.103443,4.6546426,8.540673
712,713,15.468693,13.770988,-2.7998102
713,714,-11.129699,-24.535944,10.430768
714,715,27.783339,1.4127573,3.1615696
715,716,-31.552107,-10.927625,16.345179
716,717,-5.1260886,8.843029,14.6347065
717,718,18.589853,-3.4006984,11.383056
718,719,-18.253819,-5.592414,-23.291872
719,720,0.05963359,22.731396,-14.309737
720,721,-12.334085,-1.9612508,0.42422378
721,722,-8.450961,-15.609676,5.3661375
722,723,3.8063776,1.9122052,1.8446946
723,724,21.66501,13.473173,-21.391874
724,725,-17.502209,-5.883589,-8.066951
725,726,19.224161,13.075126,-13.58035
726,727,-1.4552093,-4.3084407,-14.223581
727,728,-9.796763,-18.63032,0.5928543
728,729,-0.8365307,7.528753,23.110683
729,730,-17.616356,-1.4550925,-19.354939
730,731,-0.33904472,18.852829,-21.851513
731,732,10.385225,-3.1702125,9.461407
732,733,2.8131728,-1.3574764,1.6159476
733,734,-0.6949633,5.2551723,-15.910227
734,735,-2.8424659,3.7320714,-13.031243
735,736,-14.432057,2.1831412,-13.295326
736,737,-3.448094,-13.29291,-0.84371436
737,738,-6.263555,18.828213,7.268526
738,739,15.962297,-7.9975595,9.932049
739,740,-0.33413234,13.421362,-10.739509
740,741,7.5171885,-2.644448,-13.610317
741,742,-5.02886,11.039605,-13.623872
742,743,-23.05658,-0.6594522,3.4847755
743,744,-20.694365,-17.289597,-2.0591455
744,745,9.541561,0.009695021,-0.6050489
745,746,-17.551746,-0.8768138,18.430828
746,747,18.67948,6.334958,3.467506
747,748,18.171394,19.410324,1.0637432
748,749,19.690775,3.1923263,1.2995856
749,750,11.238885,-11.938998,-5.237744
750,751,-31.835644,7.5367303,1.3570855
751,752,1.4311368,11.123109,5.3948884
752,753,18.259415,16.962587,-2.3006456
753,754,21.39575,0.37976727,12.957689
754,755,2.3844101,-2.0669167,-8.203427
755,756,5.3321204,-0.045337215,-12.687078
756,757,-14.157482,8.275162,-2.7305732
757,758,-6.473992,3.215533,-10.577136
758,759,16.597433,0.80340266,2.6510274
759,760,8.644396,-17.353985,22.026525
760,761,-1.5805172,9.168068,4.539222
761,762,-1.4559189,-9.443661,-5.886568
762,763,-32.543602,-8.9746685,-6.1025143
763,764,-20.555355,-14.808409,14.583915
764,765,-18.728846,6.293687,-10.207363
765,766,-7.95043,8.887922,-20.74035
766,767,-23.349068,-0.12426311,-8.597079
767,768,1.8070484,-12.341937,16.543951
768,769,-16.948376,3.086352,-12.976579
769,770,-23.388464,-12.296904,0.09714605
770,771,2.6293275,-9.850431,-7.336124
771,772,13.212312,17.067795,-17.87717
772,773,15.057932,-12.885565,4.749356
773,774,-22.170134,-4.979096,0.104876734
774,775,-20.66879,-4.6746216,11.378422
775,776,-22.818338,-15.713035,4.025802
776,777,-3.2569897,5.949112,24.862915
777,778,-12.626776,-6.7152557,18.158718
778,779,6.6839833,5.470669,-9.022984
779,780,4.257922,-14.45669,-7.11162
780,781,14.673308,17.77473,-18.461773
781,782,-14.542202,-24.501036,-3.314706
782,783,-31.456081,-11.724259,-2.0261183
783,784,-6.857638,-1.6904396,-22.695848
784,785,-23.765226,6.9322343,6.8871937
785,786,8.394927,-3.3441591,-23.223387
786,787,8.747157,-7.2191806,12.799439
787,788,2.8872905,6.2486854,-18.503569
788,789,13.801657,-11.130768,-14.672554
789,790,-2.8029535,-1.1863838,15.0545025
790,791,-25.715479,-10.471121,-4.6399813
791,792,7.126063,0.61712646,-12.791808
792,793,0.50644034,-6.841578,-8.232756
793,794,-18.108835,-4.288679,-8.422496
794,795,7.603261,-7.540213,-11.241179
795,796,-15.832567,-6.3898644,-2.116282
796,797,-12.0168915,-0.030540558,-12.528064
797,798,24.167149,-5.648133,6.6761503
798,799,18.385448,7.933594,-15.300276
799,800,-9.117472,-10.940608,-12.676351
800,801,-5.531836,5.924949,-13.227462
801,802,19.13024,18.213873,-2.1866333
802,803,12.900319,6.3042245,-15.285809
803,804,2.2427557,17.103306,-12.560028
804,805,3.3924782,-3.6096108,-25.723597
805,806,0.87183946,1.6974046,-14.173879
806,807,-30.136599,-3.5376468,2.609636
807,808,25.334864,2.831454,17.532455
808,809,-1.440635,7.111255,-10.536048
809,810,-15.916966,-7.964506,2.0061662
810,811,-2.498211,18.589096,-6.43018
811,812,-14.562156,-19.201937,6.4265223
812,813,13.293954,-14.57922,-14.675825
813,814,-22.049706,-20.256136,4.5657964
814,815,24.495136,10.417054,-6.582465
815,816,0.02249897,-18.931538,-6.39983
816,817,-11.620464,-25.30894,4.921763
817,818,-24.333948,0.992934,-4.919573
818,819,-2.8381152,-2.0254173,13.398042
819,820,-2.3548613,-1.2651812,11.676983
820,821,-1.7945234,-2.3328207,10.938108
821,822,-20.378149,-8.585163,-4.470333
822,823,13.528587,-13.014857,-13.441337
823,824,-2.6075554,-6.4057136,8.946123
824,825,4.5726156,-15.544276,6.794433
825,826,-7.5503225,14.544365,-8.550117
826,827,-7.245187,-6.8140316,-1.8676786
827,828,-24.61806,-9.623366,-3.6960588
828,829,-4.846055,-8.645007,-16.904612
829,830,-14.742355,-13.47418,-8.713459
830,831,-13.845358,20.757315,-0.0043055103
831,832,20.13318,9.42854,-5.972526
832,833,-21.852497,-19.420195,6.358358
833,834,3.2244756,-8.72405,8.378092
834,835,0.9714684,10.469376,-13.374577
835,836,-18.744064,-1.595533,0.02805599
836,837,10.74648,-13.463421,-5.1061325
837,838,8.749988,-8.705652,2.5793831
838,839,-0.00984939,-6.440939,-20.24959
839,840,11.418737,-8.777623,0.23108515
840,841,-15.844512,-2.3551006,6.531895
841,842,-27.90423,-3.372656,-3.4311604
842,843,-0.98221797,20.071537,11.448234
843,844,22.549854,-7.5028996,-0.66714084
844,845,-12.638618,-7.279953,-0.3361153
845,846,-12.463171,0.56818587,-2.088922
846,847,1.5681273,14.468359,-18.06468
847,848,-16.03181,18.929552,5.086183
848,849,-22.809938,-8.058846,-15.545423
849,850,15.533027,-4.1987853,23.120188
850,851,15.291386,-15.620279,9.777835
851,852,-16.705576,-9.143836,5.6591053
852,853,-0.46989262,-6.0538607,19.16148
853,854,20.67969,-10.613447,6.129573
854,855,-15.078965,-9.39558,6.131051
855,856,-1.5168468,-6.781771,13.9810915
856,857,16.519335,-15.883128,-12.004479
857,858,-11.748402,-11.361582,-17.8684
858,859,14.437599,3.8866866,-7.9618506
859,860,-11.927732,-20.240547,7.2641864
860,861,-12.664367,-1.6801198,2.1656363
861,862,-33.03769,-9.482444,13.568735
862,863,-22.789324,-4.619597,5.6882563
863,864,-8.163291,-2.8061202,-11.292086
864,865,-15.8259,-2.6959877,14.098976
865,866,-17.21957,-1.888119,-0.94911146
866,867,14.436123,6.464169,-14.443574
867,868,26.38219,-3.4618027,-6.487819
868,869,-29.639347,-11.963992,12.743139
869,870,19.02939,-15.383652,2.8376448
870,871,-19.021912,-8.53059,8.6932125
871,872,-8.1942625,-7.006215,-18.393974
872,873,1.9077287,2.8258374,-17.244675
873,874,5.2422695,-5.0431223,-5.313358
874,875,-16.595844,-16.758692,13.201714
875,876,-11.500541,-5.9349613,7.2834845
876,877,-11.9745245,-17.21708,-8.877162
877,878,15.776579,10.593141,-8.817373
878,879,-1.8678916,7.068991,24.63108
879,880,-19.768305,-12.030914,10.795233
880,881,29.9515,1.4337257,4.137451
881,882,21.298212,-5.8623223,9.307539
882,883,-4.772893,-1.038592,-20.63716
883,884,5.8146086,-7.3587947,-16.130173
884,885,3.962095,19.086979,-16.333282
885,886,-0.24559835,-14.105507,17.279139
886,887,24.490318,4.3510046,17.59064
887,888,22.275434,12.5922575,-21.26647
888,889,-22.903057,13.433283,13.36444
889,890,4.725088,-20.110077,18.98361
890,891,5.6903815,-6.3616676,18.06853
891,892,-21.06584,-3.3753967,4.750256
892,893,27.663486,3.3953288,0.85287005
893,894,-15.696455,-11.100132,0.29312965
894,895,-23.95418,-9.288196,-16.384659
895,896,-5.5411105,-8.684239,-20.456135
896,897,-2.455066,-3.2254748,-5.5710325
897,898,20.648012,18.057257,-15.3313675
898,899,24.868443,-6.2823577,-0.4061829
899,900,-23.102964,-7.3173757,11.678255
900,901,23.065056,-6.253843,-11.336684
901,902,13.499043,-6.706793,8.992728
902,903,3.7657812,-8.061702,2.047504
903,904,5.931521,-1.7591507,-1.8464696
904,905,-25.013485,-13.138715,-5.0884943
905,906,12.19179,-6.6554127,4.860866
906,907,6.056644,-7.353626,19.185732
907,908,-13.244565,8.183864,4.8084755
908,909,0.713441,7.303138,-7.744139
909,910,12.077471,-7.981609,1.5479842
910,911,-3.3259711,-8.379765,-17.937887
911,912,15.773941,1.0136695,-16.01854
912,913,11.804114,13.0336275,1.888231
913,914,-15.954451,18.278946,-7.2778206
914,915,3.8090038,17.163599,-16.31731
915,916,19.222738,-5.674336,5.4984565
916,917,-10.9439535,-22.719978,11.404071
917,918,-16.205503,-16.630617,15.562492
918,919,-10.07382,-24.18926,3.8438995
919,920,-0.6988605,-8.984258,-2.6869614
920,921,-1.9316001,-14.032837,-2.3225646
921,922,-25.572948,-3.9365556,-0.1436534
922,923,7.2785616,4.775408,-4.291078
923,924,-9.274241,-2.1736896,-2.017247
924,925,-7.551178,15.338482,3.9692895
925,926,-17.554789,-10.389353,-4.7929125
926,927,12.366998,1.5289068,12.918777
927,928,-0.8727858,20.110949,-22.64052
928,929,-15.398199,5.91296,-5.200028
929,930,32.42796,-8.717779,5.0746627
930,931,-5.9742327,19.085415,3.646276
931,932,4.219058,3.7953532,-19.671297
932,933,-3.9182065,-18.527016,5.063715
933,934,-13.231945,-1.1310861,4.8256893
934,935,9.166865,-2.1041179,-6.6980386
935,936,15.132784,0.11876473,2.3133752
936,937,-3.881168,-8.699481,25.371372
937,938,-7.6102233,19.107346,3.5854013
938,939,13.809939,-17.45837,-12.266621
939,940,-2.0640497,4.4490094,13.202528
940,941,17.553568,11.721871,-15.338564
941,942,14.972421,-13.1494875,-12.139584
942,943,-13.907781,8.72196,-17.002424
943,944,9.311252,20.667017,5.911128
944,945,-29.809227,-8.00498,7.8912573
945,946,11.254074,16.91961,-18.627981
946,947,-35.81048,-14.991165,3.1445808
947,948,-6.6793637,-3.124382,-12.816941
948,949,-31.958357,-11.749411,-4.0759587
949,950,-3.8664706,-4.816253,12.115574
950,951,-10.693799,-0.9744649,-8.263053
951,952,-7.2035923,6.1963196,-13.454052
952,953,-6.0735064,-13.975393,10.765161
953,954,-9.950115,10.420882,7.7520523
954,955,-23.203245,-3.7133932,4.3192945
955,956,-8.244596,-13.781419,11.402786
956,957,6.609464,11.135062,-15.25622
957,958,-8.055879,24.810461,-3.0017788
958,959,-2.6343288,8.133785,9.065936
959,960,10.28435,5.8010974,-7.7443595
960,961,-13.16594,-8.417747,-17.31575
961,962,9.421285,8.0893345,-11.928734
962,963,26.483286,6.5971246,-5.488442
963,964,8.395245,12.544647,-13.498679
964,965,-5.2447906,-7.4588633,17.103228
965,966,-14.657118,-12.152143,-4.7403326
966,967,15.73339,17.219122,-8.99403
967,968,5.005822,17.01132,-17.649351
968,969,26.520514,-0.67363167,8.173711
969,970,7.594391,-7.914624,-2.533055
970,971,-25.102467,-2.0247622,2.5366492
971,972,-7.8540945,2.3778417,22.061668
972,973,-13.563563,15.881072,7.0313144
973,974,-3.9490416,-13.913462,0.81527644
974,975,10.400236,10.474284,-3.7271502
975,976,7.5471306,15.671311,-8.000306
976,977,-28.641905,2.3088107,-2.1090374
977,978,13.238579,-10.223139,4.923385
978,979,-13.900684,0.07044506,-13.009659
979,980,21.755697,14.603309,-5.734663
980,981,-5.868308,-3.1361105,0.15640593
981,982,2.2679667,7.6889663,-13.287219
982,983,2.4462473,12.679613,-7.233285
983,984,4.060906,6.6408844,-9.2775955
984,985,12.014674,-4.686882,-14.392887
985,986,8.498564,18.72939,-11.338999
986,987,-1.1701269,-9.9577465,-10.107369
987,988,14.05081,-15.380306,5.9559426
988,989,-11.903423,-8.05639,-13.786578
989,990,-19.131144,14.771924,0.6937162
990,991,-2.6199028,0.8803046,10.820784
991,992,14.311663,-7.524983,22.437147
992,993,3.3221843,25.079376,-13.652968
993,994,8.15325,8.623396,2.5805802
994,995,-3.945287,-3.2478747,19.554468
995,996,-5.248452,-8.571599,-12.677212
996,997,-10.804458,-3.3267684,14.282343
997,998,-18.33267,-4.6986203,3.9143767
998,999,-19.74234,0.3354062,-1.0573883
999,1000,7.03022,-2.7554877,-4.643381
1000,1001,-10.533061,-21.513132,3.5233173
1001,1002,25.998034,2.1245182,16.669285
1002,1003,-16.127598,-24.93148,-2.776361
1003,1004,5.4769287,-16.396023,0.32949662
1004,1005,11.154032,-2.706432,-7.108859
1005,1006,-25.41285,-3.9460437,-8.306763
1006,1007,25.153429,1.4920994,2.183088
1007,1008,-9.568875,-16.170673,8.289694
1008,1009,-13.176182,-16.077711,1.8939005
1009,1010,6.430208,6.1070037,11.52363
1010,1011,-4.0053687,-5.361708,-16.068872
1011,1012,-4.120125,10.474631,-8.66053
1012,1013,-3.429339,-3.5677133,14.504235
1013,1014,-4.131193,8.294817,-21.584217
1014,1015,-0.36836737,-3.7617853,4.6271067
1015,1016,-13.904927,-17.363256,10.3583555
1016,1017,29.09025,1.4874284,5.0555763
1017,1018,-6.4161243,4.8803916,-23.981009
1018,1019,15.518266,0.35398257,-7.427619
1019,1020,2.0702991,-2.2573545,8.065705
1020,1021,-3.0703366,21.472128,-7.957793
1021,1022,-3.1529922,-19.956448,-0.4991671
1022,1023,-9.749421,-1.0075507,-18.503206
1023,1024,-23.37807,14.973789,13.907337
1024,1025,-4.7634735,-8.531143,13.307104
1025,1026,-1.0858561,19.838535,9.483839
1026,1027,-16.823492,0.21947944,-7.0069427
1027,1028,-2.9785972,20.027975,-7.0795913
1028,1029,11.028492,6.6086316,-16.01185
1029,1030,-21.233679,13.434523,-5.4163427
1030,1031,13.245895,-1.6421897,-3.1197636
1031,1032,-18.089197,15.821533,-2.5180285
1032,1033,14.232825,14.46411,8.488545
1033,1034,30.9154,-10.971534,9.972218
1034,1035,-0.88252693,24.62221,-13.06791
1035,1036,-5.888538,0.2836518,-12.331054
1036,1037,-1.2502518,-6.903543,8.761436
1037,1038,6.203508,18.928919,-9.132173
1038,1039,-3.8568873,-14.566467,20.290865
1039,1040,18.48853,-2.2091603,18.73236
1040,1041,0.40676743,0.66242236,-26.581562
1041,1042,-20.62323,-14.924019,2.0337856
1042,1043,28.939814,6.8924084,1.0199032
1043,1044,5.643858,-5.622198,16.264381
1044,1045,-2.1928535,-6.3305116,-7.5014143
1045,1046,-24.04723,1.4050804,14.212338
1046,1047,27.802156,-5.923313,12.169042
1047,1048,28.097672,6.110602,0.8185318
1048,1049,16.290678,-11.595751,-11.179174
1049,1050,-25.568161,2.903256,-8.297334
1050,1051,20.796768,5.387003,10.343311
1051,1052,6.0578675,6.924167,-2.2028356
1052,1053,-28.222393,-0.6088196,-0.66224396
1053,1054,0.29661164,3.8304162,-27.96444
1054,1055,6.5874963,7.700724,16.17271
1055,1056,16.183964,-15.2245455,7.8141923
1056,1057,-13.197291,-6.5919785,15.052126
1057,1058,-2.0620115,-5.5554943,-2.5304918
1058,1059,-4.655588,-4.762735,5.7019777
1059,1060,4.5114074,0.8660831,-9.6005745
1060,1061,28.661087,-6.073524,10.282275
1061,1062,15.269443,10.537199,-18.900484
1062,1063,-16.349583,11.1920185,8.9750395
1063,1064,21.869785,2.974813,-11.59973
1064,1065,-8.655475,-13.362531,-6.1132894
1065,1066,14.000339,-14.022503,4.150684
1066,1067,-32.08899,-12.59864,3.8542047
1067,1068,-11.594283,-9.727715,12.629378
1068,1069,-25.67012,-11.889913,-1.9334924
1069,1070,29.007404,-4.103938,4.089505
1070,1071,23.980852,13.209743,-14.5235195
1071,1072,-8.862505,-11.639455,19.034882
1072,1073,4.363635,-0.12216571,-5.423406
1073,1074,-12.050762,-15.537584,4.5651903
1074,1075,12.63539,-4.383172,-21.26259
1075,1076,13.452568,-6.7088833,13.971542
1076,1077,1.2666104,0.34432757,-15.550636
1077,1078,7.700662,1.335285,-10.704519
1078,1079,21.185595,-2.172291,19.209875
1079,1080,17.160145,12.63687,-1.6601924
1080,1081,0.4917371,-2.2257342,-10.260727
1081,1082,-8.466543,-17.132452,10.582247
1082,1083,12.578416,4.423355,15.538907
1083,1084,-8.981059,-15.19449,16.676445
1084,1085,7.9315095,-0.4115253,-13.267998
1085,1086,23.443926,2.3074896,15.348877
1086,1087,0.917996,9.8795395,-18.668379
1087,1088,-18.253313,19.089735,-1.1040398
1088,1089,-26.620447,-3.178747,-7.2202787
1089,1090,4.42738,8.947789,-16.207605
1090,1091,2.607019,14.500123,-6.707977
1091,1092,-13.03398,-17.20708,15.662525
1092,1093,24.296297,6.04241,17.938433
1093,1094,-7.283558,9.129069,14.226186
1094,1095,4.3625197,1.9734472,-8.550517
1095,1096,-24.991636,-3.6746402,7.4276357
1096,1097,-7.1861215,-1.4233816,6.2645893
1097,1098,28.0561,-7.01885,4.8089194
1098,1099,-21.165365,18.64659,-2.5783885
1099,1100,-13.111828,9.070688,-14.118465
1100,1101,-3.410386,-18.327465,17.976112
1101,1102,-16.60751,13.062123,8.18701
1102,1103,-4.0580144,-14.392302,15.350867
1103,1104,-8.824119,-7.603375,-19.5658
1104,1105,4.8825784,6.891165,-5.3485417
1105,1106,9.322112,4.156354,15.087159
1106,1107,31.615923,-6.9811625,9.362145
1107,1108,-0.34457535,-15.088868,-2.04706
1108,1109,28.13393,-2.9406173,6.7182345
1109,1110,15.895494,8.186847,-9.350879
1110,1111,1.8563274,0.9538863,-21.109884
1111,1112,-6.9942575,7.0360837,-7.486395
1112,1113,-8.804494,0.4571615,-19.475313
1113,1114,-0.7555492,-0.27331784,12.535855
1114,1115,-11.075701,-22.773964,-3.1596525
1115,1116,33.04775,4.702012,20.038599
1116,1117,-14.740589,19.37377,-0.624715
1117,1118,-26.038992,1.6307045,-1.5393621
1118,1119,7.913206,17.13718,0.6176211
1119,1120,-12.867534,13.231538,7.541204
1120,1121,-29.068121,-12.143115,10.864317
1121,1122,-27.64542,5.94771,10.637491
1122,1123,3.6264663,29.966682,-13.724846
1123,1124,13.877411,4.291201,5.9661365
1124,1125,14.996844,15.654657,-1.0881125
1125,1126,-1.5690875,19.348114,7.1932726
1126,1127,20.815645,15.365218,-6.042127
1127,1128,-18.652931,-11.6615305,16.75078
1128,1129,21.883118,3.6494026,-5.511051
1129,1130,-12.364825,-8.10929,3.811438
1130,1131,22.993046,4.16055,-2.012781
1131,1132,9.238929,1.2620732,8.281919
1132,1133,21.848597,-5.363811,-10.652352
1133,1134,2.0494466,4.1843677,-24.367805
1134,1135,1.2446822,15.659044,-11.885972
1135,1136,-13.057945,8.942713,8.152926
1136,1137,-15.579444,7.4244795,11.353147
1137,1138,19.745802,9.924052,0.13074802
1138,1139,-10.305505,7.490202,-24.856998
1139,1140,16.21897,0.27281582,13.555018
1140,1141,4.337267,-20.645222,9.435352
1141,1142,16.811415,-6.62053,11.818919
1142,1143,6.9731464,-1.005904,18.940325
1143,1144,23.923435,-14.5194435,7.9402456
1144,1145,-10.683347,-8.975698,-21.839005
1145,1146,-29.94619,-12.469041,8.070762
1146,1147,31.114536,-0.93802685,9.957518
1147,1148,15.111326,-3.3075707,15.328266
1148,1149,-10.30391,-26.544888,-2.6737027
1149,1150,-7.2715263,-8.074032,-2.3927054
1150,1151,16.025652,-3.0462542,13.402509
1151,1152,13.6621065,5.602732,14.147023
1152,1153,-30.236912,-8.748474,-4.5657406
1153,1154,-30.220152,-4.4482784,-2.5260894
1154,1155,-31.91011,-10.539388,-1.1684548
1155,1156,6.544693,20.909327,-4.585415
1156,1157,10.358653,-6.4528055,-11.448875
1157,1158,-18.607946,18.78861,-7.0800567
1158,1159,7.4221954,8.097795,-11.8082285
1159,1160,1.0340383,0.545549,4.045381
1160,1161,29.189428,-1.7685864,9.717923
1161,1162,8.603773,14.604711,3.349529
1162,1163,-13.715869,-11.404552,-8.226209
1163,1164,-7.6475325,14.176454,-10.274066
1164,1165,21.30034,12.050346,-4.4373612
1165,1166,10.872611,5.4087462,11.618297
1166,1167,33.04775,4.702012,20.038599
1167,1168,5.7694287,7.905863,4.793029
1168,1169,5.294774,-6.718174,12.1561775
1169,1170,-20.024223,-11.371203,4.0256686
1170,1171,-29.642906,-7.372673,16.4994
1171,1172,6.1568413,-7.8911486,0.50856405
1172,1173,-12.308221,-12.025976,-12.68308
1173,1174,12.377753,-6.629532,-4.306612
1174,1175,25.952671,-2.3235712,-9.024972
1175,1176,-12.472217,-17.45013,-5.4456625
1176,1177,-17.362988,-16.370874,2.1995516
1177,1178,-28.13609,9.578661,1.2262039
1178,1179,30.486177,-8.063749,9.448678
1179,1180,-7.0715537,13.766597,0.56930774
1180,1181,10.798413,-4.2377987,-4.0748186
1181,1182,-10.615049,-16.288485,12.133708
1182,1183,11.31173,12.913983,-15.606231
1183,1184,15.416207,9.965203,3.041228
1184,1185,22.398876,-10.31837,7.73629
1185,1186,14.070562,0.17411326,-20.31389
1186,1187,10.180321,-3.1003687,6.818954
1187,1188,25.400831,-13.554548,11.295605
1188,1189,23.870863,6.9605246,-10.422344
1189,1190,27.775278,-0.6067206,16.788252
1190,1191,-14.783578,11.250129,10.261116
1191,1192,-6.8647842,-12.361447,13.084106
1192,1193,13.223392,-0.21769837,-3.98941
1193,1194,5.5901093,3.7947137,7.5402093
1194,1195,23.190914,2.660025,-14.078317
1195,1196,18.097006,-5.6602426,22.7848
1196,1197,13.491362,-6.7666216,-2.9653811
1197,1198,8.721751,14.1643505,-15.864528
1198,1199,-6.1581397,-21.738073,12.253042
1199,1200,4.539331,-5.9310384,-8.338488
1200,1201,11.885919,0.08176615,20.46128
1201,1202,13.788827,12.197103,-19.257671
1202,1203,-4.503168,7.8867974,22.241062
1203,1204,24.222647,8.64023,-6.077052
1204,1205,29.832361,-3.1115706,4.7165303
1205,1206,-5.0108576,-11.568748,6.043454
1206,1207,-12.325578,-6.819999,7.2164307
1207,1208,15.654667,-1.6836048,2.6727474
1208,1209,-10.120865,-15.971763,3.0645442
1209,1210,-3.8966389,5.2067347,-22.155891
1210,1211,-2.2039998,13.264,3.8864427
1211,1212,-15.963036,-12.867289,18.38874
1212,1213,17.03879,-3.3053553,-6.2674828
1213,1214,-2.8713663,-12.419211,12.694344
1214,1215,-6.2981057,24.010809,-1.3970957
1215,1216,-19.210175,-10.477541,3.1578312
1216,1217,5.6555886,10.311798,-4.7340984
1217,1218,-15.927564,-14.840856,17.239304
1218,1219,5.106852,-2.2481525,-10.436077
1219,1220,14.054787,3.217058,3.8420157
1220,1221,4.2628784,-21.425764,7.8119154
1221,1222,-27.904552,-15.681747,4.6576476
1222,1223,-14.453958,-9.795506,-2.5065277
1223,1224,9.602381,0.55764,-5.9230757
1224,1225,15.8848715,12.34286,-14.242132
1225,1226,-2.2256727,7.1787243,20.596886
1226,1227,7.240197,22.414993,7.4745655
1227,1228,-10.073365,-12.718971,-3.7416444
1228,1229,2.4216309,8.089599,5.8341455
1229,1230,26.702257,8.787194,-4.3075676
1230,1231,10.846696,7.1430683,-20.740688
1231,1232,-19.809898,5.664561,-1.2865847
1232,1233,0.88038045,-1.028249,15.188851
1233,1234,0.6362906,-6.8419065,7.696911
1234,1235,27.793833,2.9527311,3.0461695
1235,1236,5.337634,17.572199,-19.241125
1236,1237,11.190159,-4.3785334,-1.7502817
1237,1238,-1.4938611,-18.423502,-6.330743
1238,1239,-12.657214,-10.483547,5.8164062
1239,1240,6.0516624,1.2250075,-3.41448
1240,1241,-0.26581836,7.0918565,2.5452821
1241,1242,26.08664,-1.5293614,-7.412723
1242,1243,-13.646108,10.010632,5.3522577
1243,1244,8.8605995,11.669201,-2.7685869
1244,1245,5.799809,10.149968,1.0520828
1245,1246,1.1020433,11.019237,0.09600934
1246,1247,10.157541,-7.016177,-3.0332868
1247,1248,-6.6639247,-16.882162,8.726262
1248,1249,22.699947,1.0118258,17.83351
1249,1250,9.32463,-4.758688,1.4238867
1250,1251,4.069998,6.2297626,-6.2541676
1251,1252,7.1556973,-9.403261,-11.48191
1252,1253,23.83729,-0.16243163,13.576736
1253,1254,-31.949438,-12.818219,-2.7393053
1254,1255,-7.8216453,2.6680276,-24.156807
1255,1256,-23.371208,4.303411,0.09988732
1256,1257,0.7256786,-8.339936,-14.316737
1257,1258,-5.12612,6.44444,-1.7911954
1258,1259,-14.4140215,21.280046,-5.5690126
1259,1260,-1.690349,12.130244,-14.587568
1260,1261,-9.116383,-24.244204,14.18142
1261,1262,-31.739124,7.511133,-1.2797348
1262,1263,-11.676459,-16.056976,7.2400427
1263,1264,-2.6191406,-13.702059,7.752444
1264,1265,0.55902916,25.577559,-15.628568
1265,1266,22.59809,-9.748135,2.9434233
1266,1267,-3.1636314,3.3471823,-16.239264
1267,1268,-15.71754,-8.145789,-8.368359
1268,1269,-19.119352,1.8365674,4.3129497
1269,1270,-18.059296,5.395385,2.499776
1270,1271,14.398251,4.222089,-6.259112
1271,1272,9.179545,-17.642273,21.197285
1272,1273,26.672937,-2.467435,-1.2990658
1273,1274,15.780166,-7.1579947,24.25527
1274,1275,20.750137,-11.342973,8.080518
1275,1276,18.533653,10.87056,1.6427114
1276,1277,-18.41347,8.957842,-2.1694512
1277,1278,-3.110136,14.022367,5.058832
1278,1279,-34.217514,-9.776408,-3.5734246
1279,1280,9.081375,2.0214696,15.654403
1280,1281,32.113907,-7.9395313,6.0500693
1281,1282,-12.502179,16.566294,-3.1888168
1282,1283,17.416042,4.8171177,16.942282
1283,1284,-21.244473,10.495853,10.61316
1284,1285,10.652397,16.085974,-20.48648
1285,1286,26.824194,-0.072360456,18.140059
1286,1287,1.2672726,-7.235455,-20.902727
1287,1288,27.902279,-0.08952087,21.013191
1288,1289,7.690817,2.033254,19.92598
1289,1290,-12.893005,-17.807568,-3.470283
1290,1291,-24.004646,0.7306616,12.3707075
1291,1292,18.244167,-0.52202535,9.922031
1292,1293,-17.816898,15.475334,-0.4723911
1293,1294,24.848837,1.9157091,20.311523
1294,1295,2.2238088,-12.458905,-14.843315
1295,1296,27.305437,-6.8448043,9.4394245
1296,1297,5.487013,2.562728,6.2332664
1297,1298,14.16167,-3.459453,12.0338545
1298,1299,26.497013,4.1609826,3.3191226
1299,1300,14.5747385,-5.9469867,10.801392
1300,1301,26.133375,-6.8571877,-3.97042
1301,1302,-0.27670375,-14.85184,-13.067921
1302,1303,3.269616,-11.995049,20.411276
1303,1304,-1.2634658,3.8966997,-0.16564757
1304,1305,-3.4846137,20.455723,2.8992958
1305,1306,26.588213,-6.1559706,0.133783
1306,1307,-2.6688282,-8.348978,10.766195
1307,1308,3.3736768,15.414965,-23.750797
1308,1309,10.374794,1.5536324,15.796567
1309,1310,20.015339,6.018815,-12.247736
1310,1311,8.075054,20.843311,8.429669
1311,1312,17.327652,-1.0957301,11.533994
1312,1313,-7.1609125,-19.197657,16.276125
1313,1314,-17.928116,4.1159134,-2.3878906
1314,1315,-23.471752,-8.130427,10.202172
1315,1316,-7.456074,-14.735484,15.732079
1316,1317,-1.7595563,-13.992038,-4.1191506
1317,1318,1.2700061,14.177169,2.609434
1318,1319,16.47132,-15.020453,1.3799074
1319,1320,-15.079773,-0.62808245,-4.7944193
1320,1321,-16.61013,17.652653,1.109638
1321,1322,-21.328032,17.805058,1.8236165
1322,1323,-14.070689,-12.002388,2.6221776
1323,1324,10.666525,-4.304086,14.1465435
1324,1325,-24.175888,-7.1562614,-0.7465923
1325,1326,-16.878868,-14.526134,3.7273371
1326,1327,10.740209,3.5662558,17.639687
1327,1328,-3.5396426,1.2725275,-0.60195506
1328,1329,-8.414856,-5.4062095,-8.2413435
1329,1330,-24.51871,4.5070996,1.9964592
1330,1331,28.908895,-4.3901415,11.9102
1331,1332,-24.303965,9.002239,2.0839114
1332,1333,-14.2727375,-18.96677,10.248596
1333,1334,-25.749613,-10.415047,1.1703902
1334,1335,26.24983,-0.67504275,11.084526
1335,1336,7.2000165,17.117113,-5.0850267
1336,1337,1.5230057,2.8301094,2.0504866
1337,1338,23.227633,11.42662,-14.508241
1338,1339,-23.651964,-16.811357,8.6383295
1339,1340,-3.867992,-11.876798,18.298561
1340,1341,15.610291,-2.9842575,-6.273401
1341,1342,1.7259141,4.1349792,5.233486
1342,1343,16.148766,-14.858779,-0.53651285
1343,1344,-21.754185,-11.915004,8.871658
1344,1345,-18.499193,-3.4187045,1.5489129
1345,1346,-8.553385,0.1081556,-14.592547
1346,1347,8.644061,12.557352,1.0237875
1347,1348,11.117003,4.1829996,14.592892
1348,1349,-22.956276,-21.020393,-0.0025023643
1349,1350,9.529444,-0.06120548,-14.020018
1350,1351,1.9501989,17.038113,-0.047743607
1351,1352,7.7877793,1.7014948,-21.564121
1352,1353,-10.4035,-12.472351,10.570541
1353,1354,7.691614,-8.24311,1.3891406
1354,1355,14.156896,0.93295884,13.972897
1355,1356,12.853364,3.5213954,7.2153606
1356,1357,-23.214794,-2.4845843,-1.568137
1357,1358,1.2454499,8.850318,-10.682577
1358,1359,-5.2308793,-22.180294,10.807126
1359,1360,22.91116,-7.9482245,12.776258
1360,1361,14.705243,-10.6729765,20.586319
1361,1362,-16.790594,-8.280386,13.520157
1362,1363,16.894012,14.983893,10.548298
1363,1364,-25.377611,-2.0493367,5.145592
1364,1365,13.922949,-1.7954687,12.296052
1365,1366,10.24751,10.708962,-14.243746
1366,1367,-31.929382,-12.928865,-6.97662
1367,1368,8.630261,4.495804,-0.6081998
1368,1369,-6.3866043,-15.719047,16.781176
1369,1370,-24.784014,1.052492,9.162646
1370,1371,5.4010687,11.722402,7.1283717
1371,1372,16.921732,15.092162,7.359344
1372,1373,19.933136,16.856968,-12.509454
1373,1374,-20.485106,-14.510719,12.783751
1374,1375,27.723583,-5.6135592,-4.6321464
1375,1376,9.113394,12.455609,-9.338911
1376,1377,-21.03475,-0.24171788,10.928074
1377,1378,-27.707758,-9.35,4.3854117
1378,1379,22.504095,7.5398417,-2.542847
1379,1380,6.2648034,-10.852812,10.564835
1380,1381,14.998992,3.0905132,13.011195
1381,1382,17.683561,-11.256182,-12.367788
1382,1383,0.10235797,-7.915381,19.266048
1383,1384,-3.295693,1.6095462,21.29176
1384,1385,-16.530592,21.031582,-8.006094
1385,1386,-16.814829,2.8400586,-1.1988916
1386,1387,0.5759668,-15.676454,-15.680235
1387,1388,-8.175766,4.4340115,-0.66970575
1388,1389,19.81806,11.914639,0.7040737
1389,1390,-24.318813,-6.068542,12.350752
1390,1391,0.3059913,-13.543206,-14.823155
1391,1392,22.798481,4.1015854,9.951035
1392,1393,11.872696,-4.380625,12.446219
1393,1394,-4.1769905,-1.2020338,10.064131
1394,1395,-8.017721,5.0771112,1.5052314
1395,1396,-10.869759,-7.2823997,-12.807765
1396,1397,1.7607188,-21.064781,21.483582
1397,1398,-2.5593555,10.562865,4.0279813
1398,1399,8.710183,13.716956,-2.185074
1399,1400,13.606679,-4.8264885,17.09394
1400,1401,-6.446909,2.1750815,19.058172
1401,1402,26.324108,4.6268115,5.2955165
1402,1403,-4.377908,9.210869,-10.722743
1403,1404,-23.659262,-17.17863,6.0533967
1404,1405,-6.2730246,-10.395263,-2.3335514
1405,1406,20.739159,-8.648376,13.646724
1406,1407,24.321342,-4.346943,22.161999
1407,1408,-11.206425,8.349396,-23.88488
1408,1409,5.112368,7.0665774,0.18892664
1409,1410,28.105886,-2.476116,-1.4765657
1410,1411,0.14679784,1.1011391,26.998024
1411,1412,22.00155,-3.55067,19.376144
1412,1413,19.044495,5.0353665,17.79081
1413,1414,-18.091,5.457594,-2.8710167
1414,1415,9.0257845,3.477491,12.967143
1415,1416,24.124681,-6.935071,-1.3186569
1416,1417,13.125392,-6.8734183,21.306822
1417,1418,10.480764,2.8389487,-2.3742607
1418,1419,-0.1586345,3.2667444,2.8882742
1419,1420,26.846283,7.534134,4.4284296
1420,1421,12.116216,1.6844281,14.755321
1421,1422,-17.45401,13.558492,-6.1121936
1422,1423,-26.330732,-14.341532,0.8963613
1423,1424,-3.1498008,-1.2425594,-27.33664
1424,1425,3.2607243,-4.609033,-0.17702721
1425,1426,-2.5378394,-16.85607,9.743932
1426,1427,2.4939818,11.290615,9.444206
1427,1428,3.7970777,6.9365683,-22.150583
1428,1429,5.184576,-4.756853,3.9607446
1429,1430,-25.555418,-15.730299,10.590706
1430,1431,29.205645,3.6122925,3.327864
1431,1432,12.182529,-0.45937356,15.389079
1432,1433,1.8010349,-20.08718,21.96852
1433,1434,8.7417,-9.570177,15.898673
1434,1435,-34.599163,-9.301356,13.180211
1435,1436,-5.138435,-8.154632,-0.7652549
1436,1437,-35.418743,-15.830857,3.8076684
1437,1438,4.750744,0.4137744,4.684768
1438,1439,-22.027021,9.343865,5.5855308
1439,1440,-25.016459,-18.260605,5.386771
1440,1441,13.973207,-15.704483,-13.351863
1441,1442,18.966782,6.7208214,-0.7572886
1442,1443,-19.33072,5.6112747,16.23839
1443,1444,4.5173454,-5.973637,5.3575435
1444,1445,19.199877,4.3297834,-9.470155
1445,1446,-2.8107712,-11.096342,19.523298
1446,1447,16.508224,-9.559865,10.202001
1447,1448,13.015827,-1.4815468,14.662396
1448,1449,22.989445,13.198916,0.31506342
1449,1450,6.8352284,8.619364,-13.108158
1450,1451,13.588776,11.604942,-1.4669696
1451,1452,-15.6604805,13.910605,6.082451
1452,1453,-18.694426,-6.407447,-24.53398
1453,1454,-32.712,-7.4480143,10.135704
1454,1455,-17.550322,6.9323015,5.3129215
1455,1456,-20.383997,-16.147806,8.855836
1456,1457,-16.412329,-0.9740042,5.9423027
1457,1458,12.789489,-0.14101353,11.099063
1458,1459,26.478205,2.4446619,13.524814
1459,1460,-4.1121807,6.8890824,-2.9776726
1460,1461,25.679253,-4.0272155,9.908481
1461,1462,-8.312548,18.60479,1.3258619
1462,1463,2.7570047,0.572505,7.796404
1463,1464,-16.199278,-11.43813,-12.255971
1464,1465,16.538353,12.366094,9.599106
1465,1466,-7.8652253,-21.197884,13.074302
1466,1467,-30.657257,8.295612,2.7784114
1467,1468,12.339203,4.573765,-14.749146
1468,1469,-12.813075,-19.17621,6.217236
1469,1470,-7.579791,-24.689886,2.3900073
1470,1471,-4.41884,-6.070487,9.163724
1471,1472,14.531739,22.543732,-13.551648
1472,1473,20.600378,1.7332078,-19.925907
1473,1474,-6.99764,4.311249,14.196939
1474,1475,-16.222303,3.0622857,3.5254464
1475,1476,4.1374516,10.6754,7.8133316
1476,1477,-0.45804048,-15.880162,-11.843754
1477,1478,26.443836,-5.0942106,13.242058
1478,1479,-28.899937,-10.826751,-3.7409477
1479,1480,-24.156363,-8.89681,-1.133974
1480,1481,7.420352,-6.9171953,-1.3191999
1481,1482,8.177315,-11.1442175,10.640335
1482,1483,-24.208895,-3.4111042,9.209952
1483,1484,5.656744,21.38746,8.592612
1484,1485,19.426409,5.6049113,11.170466
1485,1486,-9.552553,5.4920545,-0.8590706
1486,1487,0.48778364,5.3421125,-8.775729
1487,1488,19.659018,0.28366873,-8.292148
1488,1489,10.491053,-16.261818,14.534822
1489,1490,-28.8699,7.8986254,2.0431073
1490,1491,25.14962,5.40876,8.449027
1491,1492,16.167658,12.741626,-18.998676
1492,1493,-16.601887,17.21778,-0.78445053
1493,1494,1.2480901,-21.122826,-0.16540109
1494,1495,12.563687,-2.2001305,-1.6726975
1495,1496,-25.461985,2.019996,-10.290649
1496,1497,10.159878,6.6617427,14.596543
1497,1498,2.259394,16.659805,-18.593817
1498,1499,-0.8949936,21.241016,-13.794455
1499,1500,22.940496,15.358038,-0.18840946
1500,1501,26.319063,0.5068416,-5.9577575
1501,1502,-15.228856,6.570679,-2.7148628
1502,1503,9.887693,-2.5006278,-24.387312
1503,1504,3.3453672,1.8742455,5.1306443
1504,1505,-18.977474,-4.030874,7.2887044
1505,1506,5.1904917,-3.620875,-3.4907112
1506,1507,-3.5430737,0.7658836,18.653505
1507,1508,26.525774,6.2327275,5.975678
1508,1509,20.808424,13.440481,-0.91426516
1509,1510,2.1497476,7.0529594,-21.49441
1510,1511,-7.0490265,-9.906624,-17.77281
1511,1512,14.633731,0.6427557,10.30906
1512,1513,-7.1412525,-19.028933,-6.5334287
1513,1514,-6.885487,-16.686735,2.8931077
1514,1515,7.415112,13.616975,-10.918809
1515,1516,-0.8710899,2.680954,-19.086807
1516,1517,22.923794,14.414329,-12.622585
1517,1518,-2.034768,3.8981526,-4.4138556
1518,1519,16.53073,18.89035,0.5019253
1519,1520,20.369352,1.6441995,5.4867215
1520,1521,-0.28187066,8.447386,14.384662
1521,1522,-1.3359517,16.987112,-7.906788
1522,1523,-16.750717,-12.750304,-1.9432164
1523,1524,0.13825029,-2.491902,-29.108643
1524,1525,21.267515,1.8460504,-18.880718
1525,1526,2.5322223,2.1906338,-4.6059513
1526,1527,-1.1102735,12.601094,-0.39452475
1527,1528,-16.464544,17.67708,-10.155418
1528,1529,25.1652,-3.059197,18.542313
1529,1530,-14.720392,7.606236,4.821116
1530,1531,-0.088573396,-10.978793,-8.436773
1531,1532,16.263819,15.510209,-2.5744581
1532,1533,-16.10636,17.429703,-4.5158587
1533,1534,-19.626095,-13.085351,7.705954
1534,1535,21.389399,9.1394005,-13.778706
1535,1536,-15.887075,7.6028776,4.6580315
1536,1537,33.04775,4.702012,20.038599
1537,1538,3.8216736,-12.882469,-5.4678655
1538,1539,-23.109879,4.0303025,-6.054554
1539,1540,-1.0604286,-7.871574,15.288857
1540,1541,-31.210655,-11.517894,4.543659
1541,1542,18.257679,5.791236,-16.45679
1542,1543,-9.801961,-7.523953,-16.852184
1543,1544,-25.58955,-0.77185047,11.446639
1544,1545,-25.556133,5.788937,-4.345891
1545,1546,14.759704,7.9236846,-3.7875857
1546,1547,16.79664,-0.18809713,20.426825
1547,1548,-7.4843655,15.017053,-6.738515
1548,1549,16.114975,14.436631,8.734528
1549,1550,7.105045,8.551336,6.2088194
1550,1551,19.985348,-1.8671616,16.984789
1551,1552,-6.590905,3.97272,-20.809679
1552,1553,-18.839962,-3.6985114,-13.962027
1553,1554,-15.169209,-11.24122,10.2107
1554,1555,24.528118,-0.9992132,14.770513
1555,1556,9.38338,20.614708,-16.329023
1556,1557,-5.5380774,-13.5753,-19.615545
1557,1558,-4.070922,-0.047701698,-12.608009
1558,1559,-9.648813,7.0370603,7.751922
1559,1560,-18.871227,20.285383,-4.6303806
1560,1561,22.892147,7.859999,-0.519865
1561,1562,-17.6427,8.287884,16.916039
1562,1563,7.362296,4.5208154,-18.143572
1563,1564,-4.4339933,20.294256,0.13554451
1564,1565,-2.4536664,-2.561333,-7.2741914
1565,1566,2.2060983,-11.66179,0.8984092
1566,1567,-6.704986,19.496696,-14.231621
1567,1568,-0.8082629,-3.3873174,-19.2869
1568,1569,-16.522131,19.57319,-6.8508177
1569,1570,-2.211601,-4.181025,-10.683707
1570,1571,29.014029,-6.3536773,13.639839
1571,1572,12.238348,-6.1671257,-7.119558
1572,1573,-0.15888481,-1.9693149,-0.107684754
1573,1574,23.476149,15.255727,-5.966017
1574,1575,21.814634,6.4113183,-5.847559
1575,1576,-24.981272,3.9002523,-6.5342584
1576,1577,14.533555,9.054553,1.892681
1577,1578,-6.3539166,0.12950994,20.0708
1578,1579,24.178535,-6.044829,-2.364368
1579,1580,-9.021393,2.4091387,-7.1118536
1580,1581,-6.629996,8.887852,-17.097982
1581,1582,-13.339147,-14.240736,-11.81034
1582,1583,-18.071562,3.0690002,4.5356164
1583,1584,-1.7309299,8.510299,-16.67456
1584,1585,-7.5374293,-20.30842,-8.317742
1585,1586,-7.700716,0.9468331,-2.1028047
1586,1587,29.071457,0.31895185,15.749848
1587,1588,-10.223993,-3.6007707,-10.984559
1588,1589,-0.94598293,-6.0440316,10.694863
1589,1590,9.5117655,15.260336,-13.258389
1590,1591,14.4836645,7.9719605,0.75147027
1591,1592,-16.692175,5.5435624,-0.5787778
1592,1593,-19.71827,15.260149,-5.7521687
1593,1594,-9.998791,17.844753,0.27552062
1594,1595,11.004265,-6.4549017,15.381515
1595,1596,-0.8380806,-0.5716361,9.498455
1596,1597,3.4790137,-5.8454266,-2.6197236
1597,1598,14.175908,13.654938,-15.19127
1598,1599,14.933861,12.509835,-10.92937
1599,1600,1.5697789,4.251918,-20.907957
1600,1601,-0.9064483,3.9535553,-11.807075
1601,1602,-25.302635,-4.7556095,14.036222
1602,1603,-2.3872263,14.794415,-18.212236
1603,1604,1.0414835,18.353197,-0.24214181
1604,1605,-12.125175,14.489482,4.565053
1605,1606,30.101883,-2.0428627,-2.255966
1606,1607,4.6689787,-5.3432093,-15.425452
1607,1608,15.637053,1.5972669,-4.3756785
1608,1609,-11.151795,-11.627741,15.119097
1609,1610,-5.5094037,-9.117529,-7.8747144
1610,1611,7.3103495,2.314686,-23.115728
1611,1612,22.07076,6.1248465,-8.239691
1612,1613,20.540598,-4.4072556,-9.892314
1613,1614,-6.134423,11.088447,-22.384348
1614,1615,-7.246898,-14.843684,-15.068699
1615,1616,1.1816946,24.75725,-13.409729
1616,1617,-17.513685,13.522336,-7.4481664
1617,1618,1.7337749,2.8435516,-5.2838283
1618,1619,-6.8299747,18.90483,8.877694
1619,1620,2.8749893,4.0940647,-12.777206
1620,1621,24.20348,3.9663942,-12.204916
1621,1622,-10.372496,-11.586605,-10.151909
1622,1623,13.020552,0.15909049,-7.462516
1623,1624,-15.832918,10.643516,1.2420007
1624,1625,28.29381,1.1690838,20.60166
1625,1626,11.923595,0.7028834,10.51096
1626,1627,7.39656,-0.3705538,-17.71426
1627,1628,-6.636509,-12.830378,-14.958301
1628,1629,-7.918222,-13.553368,8.451289
1629,1630,-0.1562347,-2.3880496,-26.080696
1630,1631,17.776878,-18.093712,1.1793551
1631,1632,12.746414,-7.8450103,23.950748
1632,1633,18.48982,12.595876,0.23659542
1633,1634,20.147709,21.522505,-11.802857
1634,1635,5.5195966,12.263294,-1.35508
1635,1636,22.650137,-11.151731,15.654729
1636,1637,2.1567748,14.732831,-2.7191656
1637,1638,14.536316,1.0848624,0.8574837
1638,1639,4.430457,18.142742,-12.013171
1639,1640,-16.522026,6.504604,-1.822422
1640,1641,-6.552349,-3.5270448,10.060562
1641,1642,5.7747216,3.0720723,0.6267322
1642,1643,9.75307,5.1079726,5.735415
1643,1644,6.330365,-2.0344648,-15.637336
1644,1645,2.7574222,13.337454,11.117324
1645,1646,6.292551,-4.7778163,-2.284213
1646,1647,1.9479,3.7294285,-1.5406458
1647,1648,25.854351,-1.435215,18.473557
1648,1649,13.287302,20.604914,-5.5146327
1649,1650,-29.308853,3.6978333,-3.3094985
1650,1651,-1.4591348,10.866886,-23.853348
1651,1652,-27.08075,-17.691275,-1.9804387
1652,1653,28.630627,1.1529139,-5.0381145
1653,1654,19.11081,-14.313719,6.441238
1654,1655,11.674284,14.399494,-8.5084715
1655,1656,17.184254,7.7346253,-16.539658
1656,1657,8.796856,2.978478,-13.6089525
1657,1658,-11.997568,-22.38101,-6.3770638
1658,1659,6.767964,2.1227322,-24.800512
1659,1660,-18.278984,2.0397801,8.470326
1660,1661,-15.855266,1.8987138,-0.25900826
1661,1662,-11.657824,-25.753355,-3.4744618
1662,1663,16.201818,15.582036,-8.246375
1663,1664,-19.46241,-2.9464912,-2.1707444
1664,1665,13.705543,3.1975615,17.922363
1665,1666,1.4156506,2.8053794,-13.701621
1666,1667,27.456326,2.9894652,18.127148
1667,1668,-6.9887214,2.8353033,-1.1252847
1668,1669,13.917666,1.0613341,-23.36323
1669,1670,-9.490074,7.54384,-19.713036
1670,1671,24.651752,-1.5965194,-6.981107
1671,1672,8.92944,-3.9540002,-9.712093
1672,1673,11.210694,16.629673,-15.834502
1673,1674,-6.2162647,2.0748181,-15.72758
1674,1675,6.2961526,13.980015,-16.088493
1675,1676,18.984314,8.495123,-11.503122
1676,1677,-11.49271,12.558326,8.044296
1677,1678,21.393768,-11.492999,15.458676
1678,1679,28.94295,-0.09131497,20.212395
1679,1680,1.1733725,18.39058,-11.753392
1680,1681,26.784645,-4.5001674,5.5417323
1681,1682,4.6068707,7.812525,-2.604209
1682,1683,14.740228,4.4960504,-4.4609737
1683,1684,-5.3695507,-13.842558,-8.615715
1684,1685,22.561588,-9.75857,8.884523
1685,1686,-26.419304,-17.429909,7.470812
1686,1687,-17.684193,-0.48933297,1.2857639
1687,1688,16.944275,-1.3378665,19.319153
1688,1689,1.8876628,12.002584,10.392614
1689,1690,22.835781,-1.0615615,0.7247606
1690,1691,20.75237,-1.4382683,-6.1373777
1691,1692,23.938906,-9.651401,12.012224
1692,1693,-2.753166,7.8120146,-24.986506
1693,1694,10.678854,2.6792805,-10.716698
1694,1695,2.339147,-3.0363352,-0.23273344
1695,1696,2.0500379,-7.054733,-6.335553
1696,1697,-18.522263,-8.125288,-8.44714
1697,1698,17.934216,1.559178,-12.468504
1698,1699,-1.1925303,-12.174697,-15.648884
1699,1700,-3.44097,2.722898,-4.7128696
1700,1701,26.280878,0.08666407,-8.141253
1701,1702,-17.497534,-14.628337,9.418675
1702,1703,-4.3449254,-10.614954,-16.690222
1703,1704,0.35953823,7.5687976,-18.858488
1704,1705,6.698193,10.48199,-18.476673
1705,1706,-6.8128166,-9.441056,9.776013
1706,1707,20.226042,-3.4317954,4.71259
1707,1708,-4.8091073,1.4838245,-7.0597253
1708,1709,-9.605143,-6.5195303,-25.58387
1709,1710,1.5094864,15.080034,-19.93028
1710,1711,-12.139542,-21.546381,11.085161
1711,1712,-6.134311,-6.9604216,-17.687195
1712,1713,-6.1277304,-8.48581,-15.475172
1713,1714,12.50877,15.628772,-13.056546
1714,1715,7.8658247,18.027782,-12.712358
1715,1716,-10.16128,-16.419827,5.2465897
1716,1717,-22.40549,8.528565,7.0442896
1717,1718,-5.3972282,1.1355755,-0.4564231
1718,1719,-5.5378838,4.030392,2.827655
1719,1720,-3.1464047,9.035469,-23.57793
1720,1721,-3.7419815,2.0495317,-5.717719
1721,1722,-8.614816,6.6775107,-8.448845
1722,1723,22.13648,1.9942411,-17.387259
1723,1724,1.8027173,3.010937,0.13859029
1724,1725,22.824387,12.898551,-12.100155
1725,1726,14.286797,20.979641,-16.067434
1726,1727,22.237274,7.7936225,-6.5891433
1727,1728,-5.6413713,-2.0921774,-1.9526794
1728,1729,13.979166,10.027479,-15.481029
1729,1730,-2.9073918,-0.92442065,3.7210615
1730,1731,-13.951991,14.252111,5.8438115
1731,1732,21.30295,10.100775,-3.632176
1732,1733,12.108066,21.721947,-6.249859
1733,1734,15.668078,1.139325,-1.4552158
1734,1735,8.165241,10.055448,-24.416132
1735,1736,8.501276,12.803892,-18.343977
1736,1737,-7.1639223,0.9726983,-11.427267
1737,1738,20.769344,12.753598,-10.761369
1738,1739,-31.888409,-10.481794,-9.8819475
1739,1740,-10.92695,-18.649946,-8.022255
1740,1741,17.84378,11.040889,-13.178755
1741,1742,17.620317,1.764893,-10.71459
1742,1743,-13.079224,-21.216791,4.3549824
1743,1744,0.96029323,21.656166,-15.485166
1744,1745,4.3945646,15.747609,-15.575016
1745,1746,-17.9702,-10.2126875,-7.122722
1746,1747,0.37149042,12.621765,0.7439188
1747,1748,-0.24221218,13.529166,2.0296607
1748,1749,6.0117464,13.919548,-20.18191
1749,1750,25.808302,0.42788914,20.316101
1750,1751,0.72747076,5.6755643,1.3496823
1751,1752,19.4671,14.694697,3.4840946
1752,1753,-3.9998815,4.4335237,-20.329308
1753,1754,8.835088,19.475582,-14.561562
1754,1755,3.2184772,-3.322893,-4.0357957
1755,1756,11.993411,11.393552,-19.536266
1756,1757,24.693151,2.192148,13.997593
1757,1758,6.3163424,2.3964055,-12.653554
1758,1759,21.636831,-1.1555377,19.852095
1759,1760,-14.263835,5.8787017,6.5703297
1760,1761,-1.2285359,-14.289304,3.67624
1761,1762,14.455962,-3.1930988,13.439327
1762,1763,14.021348,-8.727275,1.4729887
1763,1764,1.4754422,-3.6168404,-4.1156173
1764,1765,-8.987738,-2.7768207,3.1355665
1765,1766,0.63005435,24.521553,-10.49132
1766,1767,25.641354,-15.213143,8.013849
1767,1768,-31.982006,-5.104597,0.7221728
1768,1769,-17.509651,10.472008,10.398093
1769,1770,-28.131805,-13.608184,-3.684456
1770,1771,-21.471851,-8.046848,14.862675
1771,1772,-28.35054,6.439857,1.5974425
1772,1773,-9.714138,10.278609,-4.251067
1773,1774,0.8887607,26.948112,-12.603263
1774,1775,18.28572,-16.416624,0.4789148
1775,1776,-9.050918,6.010961,-25.601744
1776,1777,-1.3746026,4.276322,8.71626
1777,1778,10.221078,13.944603,-9.542862
1778,1779,-21.584127,-9.219042,-0.36918458
1779,1780,-3.2459202,7.988982,-13.655606
1780,1781,17.135069,7.247525,-13.865592
1781,1782,7.3922806,5.726322,-1.6162064
1782,1783,-7.2874393,-7.040873,9.917819
1783,1784,17.812136,16.245829,-4.406202
1784,1785,26.801815,8.074622,-7.464439
1785,1786,-11.261696,8.415353,6.9548993
1786,1787,-3.3740728,-2.1522686,-1.593344
1787,1788,18.804466,11.759161,-18.675827
1788,1789,-12.839065,3.8641064,6.044161
1789,1790,-6.869866,-2.1516397,-3.3825736
1790,1791,17.625969,13.956088,-15.916947
1791,1792,29.905966,1.3905243,17.03925
1792,1793,19.568542,11.261827,-14.987863
1793,1794,20.096754,7.2007465,-15.350289
1794,1795,19.557798,8.770914,-18.016336
1795,1796,21.199919,11.132961,-13.302012
1796,1797,6.368331,18.158197,-9.956725
1797,1798,20.494286,13.326519,-16.41513
1798,1799,16.087751,-5.599581,22.938013
1799,1800,-20.34908,11.871268,9.295756
1800,1801,-9.180702,0.84536654,-5.212896
1801,1802,-3.7510734,0.3781707,-4.271834
1802,1803,-4.835514,-8.369503,25.624348
1803,1804,-22.72447,-1.3002864,6.8457313
1804,1805,-12.126829,-23.036737,-5.001777
1805,1806,-6.897267,3.612397,2.9254022
1806,1807,-13.646356,12.961234,0.26928484
1807,1808,-6.252392,-3.6368935,-3.9059749
1808,1809,17.500534,13.344488,10.224813
1809,1810,16.602798,-8.9217615,21.147608
1810,1811,14.608092,19.002182,-6.025718
1811,1812,-16.007265,16.673643,-1.7651858
1812,1813,-2.327009,10.280905,-15.731621
1813,1814,-2.615242,9.707725,-20.33721
1814,1815,20.247135,17.802221,-13.3380375
1815,1816,-18.270681,8.27208,14.381321
1816,1817,-6.3578806,-5.3782463,-12.910605
1817,1818,-9.901021,-8.348547,-20.919685
1818,1819,26.196863,6.941127,-12.66453
1819,1820,8.450007,-1.2595255,-11.388357
1820,1821,5.9791155,13.767804,2.2456696
1821,1822,1.4867946,0.4055276,-12.665817
1822,1823,20.561207,2.3990397,-4.6024246
1823,1824,23.991985,6.528715,13.508391
1824,1825,-12.167557,18.650702,-9.951467
1825,1826,8.461066,16.503313,-17.578966
1826,1827,-21.549078,5.061387,-9.628591
1827,1828,10.961075,17.879658,-3.8195171
1828,1829,5.3485723,14.995385,-2.0595624
1829,1830,11.0346775,18.785389,-3.0064516
1830,1831,-5.433715,-2.842908,-14.109393
1831,1832,21.090843,-1.6592906,0.042196434
1832,1833,1.4060651,-2.5004845,0.08759548
1833,1834,12.5906925,-2.4534009,-10.711004
1834,1835,27.202942,4.556119,1.8322142
1835,1836,7.961516,-6.5807548,8.502855
1836,1837,-11.20152,-0.6186321,9.227321
1837,1838,9.864292,8.963441,-7.0089316
1838,1839,-6.9118667,-1.232732,-5.790181
1839,1840,-3.5483854,0.45738092,-20.774908
1840,1841,-31.043226,-6.2080283,4.843329
1841,1842,-16.049673,-12.276184,-3.6596522
1842,1843,10.285119,-2.0337024,-15.136474
1843,1844,-9.838778,-2.1062512,-4.6555915
1844,1845,17.918873,15.007234,-7.7948112
1845,1846,-1.2928194,3.5322485,-14.974072
1846,1847,-0.47399315,-20.270758,0.63041085
1847,1848,-12.562269,-24.129122,-4.0714016
1848,1849,24.258522,6.778194,8.42458
1849,1850,-16.525171,-14.069776,-4.3415575
1850,1851,8.794237,-16.038202,15.09688
1851,1852,16.733795,3.7762704,-4.8602605
1852,1853,-0.8303699,24.029228,-15.228872
1853,1854,22.029997,-11.169672,11.011965
1854,1855,17.642494,15.614408,-16.433167
1855,1856,15.60799,-5.598437,12.653349
1856,1857,-8.74076,-10.334151,13.690659
1857,1858,20.702414,5.200645,18.282915
1858,1859,-15.592477,7.3258104,-6.16299
1859,1860,-28.827663,3.1642148,5.3213134
1860,1861,17.248987,4.218652,2.7795963
1861,1862,24.338816,-3.9182966,6.2738023
1862,1863,13.930674,4.0395217,-2.8877752
1863,1864,-4.97397,7.698625,7.3616195
1864,1865,26.80713,8.825344,-8.497964
1865,1866,10.170292,6.8837094,-1.8371878
1866,1867,-28.676968,1.347215,-4.9766893
1867,1868,13.182059,1.365153,-21.270378
1868,1869,27.65101,-5.2020974,4.8882604
1869,1870,-9.102097,-12.267832,13.549981
1870,1871,-19.649942,18.022533,-2.6394153
1871,1872,-8.450836,1.9482905,2.2713437
1872,1873,-33.028564,-7.7716765,-5.0657735
1873,1874,14.694111,9.570244,-11.598783
1874,1875,-8.385764,0.95981306,0.59498453
1875,1876,8.997001,7.857881,0.78495806
1876,1877,-23.978134,-0.047312725,10.499297
1877,1878,21.386906,11.65811,1.947127
1878,1879,-8.162556,-19.229292,5.746813
1879,1880,28.210188,-1.6934247,-7.121355
1880,1881,-24.068604,9.054293,3.9284384
1881,1882,18.265612,5.4902353,0.30709386
1882,1883,9.470873,-3.0122852,-21.945644
1883,1884,20.108873,6.0521054,-5.059792
1884,1885,17.676306,11.16525,-8.346424
1885,1886,11.23921,-0.9434134,-3.8881164
1886,1887,21.816156,8.96067,-8.125942
1887,1888,4.393564,20.728754,-16.81187
1888,1889,19.923306,-3.5256534,3.0571895
1889,1890,4.6266747,12.437899,-13.358449
1890,1891,-11.60995,-9.593355,-14.796822
1891,1892,19.068277,-0.9671914,-9.547536
1892,1893,12.384274,-1.175094,1.3550802
1893,1894,-0.069548,-3.7525518,-8.387951
1894,1895,15.149265,3.924752,-12.145365
1895,1896,19.836067,9.459973,-16.252811
1896,1897,19.079504,7.766863,-19.114408
1897,1898,-23.076136,-14.215815,-1.2493826
1898,1899,1.8416935,13.563336,-20.012285
1899,1900,-26.581455,6.8791103,5.392358
1900,1901,-21.109596,4.518746,-0.5024721
1901,1902,21.039577,15.638034,-1.0341377
1902,1903,-17.724808,17.530811,-2.1068845
1903,1904,20.655294,5.599568,2.0067751
1904,1905,-5.802692,18.048176,-13.673667
1905,1906,-11.316659,-26.06043,9.880938
1906,1907,0.28189728,0.36500737,-7.7155466
1907,1908,-11.491238,-2.0986748,-6.7609577
1908,1909,25.075418,-7.87121,-3.072991
1909,1910,-5.3530126,5.8948145,-20.848715
1910,1911,12.333258,-5.337866,-5.7520847
1911,1912,0.15504366,-2.4490132,-14.042941
1912,1913,13.842294,-3.4999146,-3.571163
1913,1914,9.67306,7.946316,19.619064
1914,1915,9.219482,-6.2661686,-7.1314964
1915,1916,21.740368,-3.6822264,22.31376
1916,1917,-27.951986,-8.564307,-0.8455945
1917,1918,-22.61297,-8.849975,2.1280875
1918,1919,-10.116461,-15.7020445,10.249926
1919,1920,27.505373,-2.019284,15.484144
1920,1921,9.324187,12.284563,-20.014416
1921,1922,-5.868447,12.819815,-21.685228
1922,1923,23.646233,10.481333,-3.0927734
1923,1924,11.2897835,0.06961566,-12.994434
1924,1925,-3.2653425,11.896106,-27.625603
1925,1926,-9.2222395,-18.552605,-7.03612
1926,1927,13.7550745,6.6183763,-17.281475
1927,1928,4.5227365,-19.629133,9.3743725
1928,1929,13.09388,-14.936254,4.3862023
1929,1930,13.9008,-3.0074136,9.723094
1930,1931,-10.25006,-16.141048,19.294676
1931,1932,-13.308262,2.7171974,13.512779
1932,1933,21.585436,0.039721783,3.594574
1933,1934,16.932434,16.423626,11.564975
1934,1935,-10.206008,-14.343299,10.257812
1935,1936,10.274987,10.366456,-17.151241
1936,1937,22.804811,-3.770188,21.885284
1937,1938,-8.130907,-1.6446319,-3.5594108
1938,1939,19.016205,15.858065,-6.065859
1939,1940,17.722837,4.1597133,-1.3767575
1940,1941,-9.077605,3.5900035,-18.154314
1941,1942,10.625318,8.362712,15.388264
1942,1943,-26.028484,5.3050947,4.960134
1943,1944,1.6934186,14.595664,-0.6822018
1944,1945,24.853262,4.978108,1.6627434
1945,1946,-29.282734,-15.118348,-2.5933096
1946,1947,-22.769709,-0.49853247,10.638598
1947,1948,-27.720703,1.3891003,-1.7035906
1948,1949,2.5268533,24.03572,-12.351151
1949,1950,23.343569,-0.15723965,1.641214
1950,1951,-10.850492,-1.7986444,-19.161257
1951,1952,6.753235,8.524223,-1.3220512
1952,1953,12.543494,-8.567262,6.591168
1953,1954,-20.203407,-3.8531935,13.956779
1954,1955,-15.918725,-11.414262,-1.5695645
1955,1956,24.46705,5.819609,-11.6310005
1956,1957,4.7632284,-9.962605,4.334204
1957,1958,-9.898067,3.5745265,-6.3999476
1958,1959,24.04422,2.5002136,12.605553
1959,1960,23.232162,-8.176819,8.120617
1960,1961,-18.824492,10.181534,9.241583
1961,1962,26.75347,4.7973976,9.69829
1962,1963,17.189291,-14.873251,7.3604345
1963,1964,-16.946182,-1.6310459,-14.491108
1964,1965,13.32695,3.9785707,-17.653694
1965,1966,21.929224,4.294132,-10.532447
1966,1967,23.616478,10.066593,-11.244802
1967,1968,23.160366,5.8430448,-13.662321
1968,1969,13.660348,-4.0078244,-6.560621
1969,1970,24.1765,-4.642941,19.880842
1970,1971,-24.252731,-4.8419213,3.4047334
1971,1972,14.667863,2.05217,-17.317911
1972,1973,14.946445,20.302565,-6.9974113
1973,1974,-11.182189,8.060348,3.985771
1974,1975,15.389155,-0.6675033,-3.77892
1975,1976,-16.97363,-23.057816,14.735641
1976,1977,16.784878,9.801845,-16.0909
1977,1978,-11.83936,-13.2722645,7.907874
1978,1979,7.819481,21.420456,6.8951488
1979,1980,-11.929583,11.027062,-14.056968
1980,1981,-8.5139885,0.42379877,13.039582
1981,1982,8.675733,9.357683,-25.767477
1982,1983,17.907211,-16.002909,1.4555111
1983,1984,-18.499872,-5.752794,-11.693535
1984,1985,8.882612,-5.93412,-10.926514
1985,1986,14.301699,21.703508,-14.947328
1986,1987,23.997318,-8.603205,11.03396
1987,1988,-14.20385,5.954545,4.040157
1988,1989,-18.248343,6.6419377,15.646294
1989,1990,-10.444591,4.1373124,-8.297563
1990,1991,19.10174,4.891484,2.1438332
1991,1992,20.610271,-5.0036764,5.4071317
1992,1993,23.37206,-3.762488,0.11011097
1993,1994,21.28782,5.5333223,-9.090915
1994,1995,-20.077648,9.642469,7.440252
1995,1996,-22.568764,0.9670741,-6.2677436
1996,1997,-14.5720825,16.04706,-0.77958184
1997,1998,7.4768124,23.922087,9.036036
1998,1999,8.4674225,23.693243,6.3872204
1999,2000,18.081564,12.32593,9.329138
2000,2001,20.935068,-9.062903,9.277693
2001,2002,24.160032,4.728726,13.6140995
2002,2003,9.699237,20.587881,9.209969
2003,2004,15.902313,15.3493395,-12.723751
2004,2005,-19.013418,-4.121358,5.645454
2005,2006,8.0367775,-1.9864954,-8.611485
2006,2007,23.666023,12.723114,-10.086092
2007,2008,-9.908739,4.485872,-22.409046
2008,2009,24.004635,-1.8938708,5.509043
2009,2010,8.373947,-5.6784983,9.773904
2010,2011,22.49965,10.658758,1.8366448
2011,2012,23.044306,18.244465,-7.248816
2012,2013,-2.0321693,10.562105,-12.317727
2013,2014,22.536531,5.982051,-3.027731
2014,2015,-31.76277,3.0684078,1.0645285
