,comicID,x1,x2
0,1,41.812622,37.17395
1,2,2.8697124,36.489292
2,3,-15.5799055,53.10122
3,4,-11.3174095,38.462097
4,5,8.379328,34.065613
5,6,-17.676645,-3.1115434
6,7,19.875887,-0.01889461
7,8,30.400097,29.731344
8,9,34.050545,6.6012697
9,10,49.76601,2.8447623
10,11,41.81855,37.17381
11,12,-46.0288,-18.142138
12,13,-34.461956,17.755903
13,14,-9.568965,-23.726028
14,15,5.500439,-7.57214
15,16,6.1806417,-21.387796
16,17,-6.4384494,-10.587605
17,18,-28.914997,-5.1698456
18,19,-5.3298507,47.453285
19,20,-8.363471,-27.545435
20,21,-18.122427,-17.527418
21,22,27.472616,35.337395
22,23,0.34748295,-51.851265
23,24,7.103875,0.05635285
24,25,2.7060444,33.83061
25,26,-31.947271,-23.292847
26,27,44.877357,24.848202
27,28,-14.56982,-5.3446646
28,29,-3.2147317,-25.502895
29,30,1.7707262,-8.423363
30,31,-39.23965,12.948298
31,32,6.647425,-7.0712595
32,33,-42.259274,3.1360998
33,34,5.2205296,29.39446
34,35,4.8075557,35.826523
35,36,5.2564845,-27.29055
36,37,-18.578718,-14.409553
37,38,-23.436312,-17.26893
38,39,27.11172,6.6214647
39,40,24.780724,23.18092
40,41,12.932422,19.699465
41,42,-12.653311,17.155819
42,43,28.220568,43.060444
43,44,-32.655113,-35.335964
44,45,18.172024,31.500252
45,46,34.677677,12.013862
46,47,24.790361,36.208675
47,48,7.6897902,37.408905
48,49,-7.0952163,-40.7847
49,50,7.5562696,-20.919514
50,51,13.549442,25.31472
51,52,20.956951,51.80808
52,53,14.934703,20.326675
53,54,6.1694703,57.765785
54,55,55.466255,0.3806554
55,56,-11.7547035,-3.5494492
56,57,-15.6384,-34.229366
57,58,-20.253319,-47.332993
58,59,-10.627903,-49.89668
59,60,12.260228,-24.500587
60,61,60.506023,-22.442766
61,62,7.88938,-35.89716
62,63,4.4946423,-41.304756
63,64,-43.9159,1.9748354
64,65,-16.824844,-47.70375
65,66,-29.946997,21.380577
66,67,2.0169759,-21.520504
67,68,-29.235418,-4.3678303
68,69,-14.421137,-39.388138
69,70,-2.8347883,-4.0621057
70,71,-44.273365,-1.1724365
71,72,-0.3193012,-21.22783
72,73,-35.082607,17.549461
73,74,-1.9504582,46.14143
74,75,-29.776836,-37.89828
75,76,2.3406792,-51.53932
76,77,23.191315,3.7083902
77,78,-13.665303,1.6592946
78,79,-5.1605988,-27.168137
79,80,-1.1774663,38.312828
80,81,-12.301989,16.791233
81,82,28.317186,41.37836
82,83,12.099679,-23.534449
83,84,-17.35936,-29.508545
84,85,11.335366,54.095234
85,86,-3.3216393,-48.07551
86,87,17.118559,24.139124
87,88,-13.611101,-2.7357771
88,89,-1.0366033,6.6278067
89,90,-16.116014,-32.155403
90,91,34.001,-11.882753
91,92,10.495821,-43.501076
92,93,23.891085,-5.1807795
93,94,-33.765053,-44.906525
94,95,-36.893913,14.189862
95,96,-6.3901534,-45.3285
96,97,1.9728768,-46.5239
97,98,32.83955,28.764616
98,99,-17.203506,64.83218
99,100,28.10501,28.735613
100,101,-12.4947605,29.567932
101,102,-13.522268,-50.578556
102,103,-1.419566,6.739051
103,104,6.022086,-45.79923
104,105,3.7698157,-22.191868
105,106,-2.5251405,-40.773346
106,107,17.50829,28.079746
107,108,-35.34509,-33.93983
108,109,-50.98741,3.7283063
109,110,24.252735,-18.865166
110,111,-13.319437,58.74244
111,112,-1.6137702,5.104994
112,113,-0.014366943,8.854569
113,114,-0.83210325,-50.561523
114,115,-2.78255,-21.989609
115,116,24.158407,-9.818222
116,117,-4.538352,7.367341
117,118,-12.911703,-34.539783
118,119,-2.8397994,-4.0765676
119,120,23.610796,-0.11564558
120,121,24.36764,1.6603662
121,122,11.994615,-42.552116
122,123,-0.56621814,7.8305902
123,124,-33.73023,-44.2237
124,125,-2.0605922,-52.294838
125,126,-0.10370121,6.6836185
126,127,35.24094,16.380804
127,128,-7.224328,5.280112
128,129,-22.90334,36.899742
129,130,22.003561,-22.136995
130,131,-10.869105,-34.826424
131,132,-27.648666,-39.687504
132,133,12.13948,-44.98196
133,134,-17.990505,-9.817008
134,135,-3.3530877,12.604615
135,136,14.509798,47.478207
136,137,4.8170347,-44.846104
137,138,-47.37592,-17.088882
138,139,3.3074744,24.998585
139,140,45.959293,22.608093
140,141,23.17695,7.610632
141,142,28.572056,12.390674
142,143,32.88995,6.9328046
143,144,21.758038,45.146816
144,145,23.076477,7.9130507
145,146,-46.402008,-16.934984
146,147,8.927897,-14.231083
147,148,-17.19419,-52.626305
148,149,-21.787613,-17.720673
149,150,12.278803,-11.101238
150,151,-16.681515,-45.679893
151,152,-13.969715,-15.446366
152,153,45.129055,-14.913804
153,154,7.813075,-6.34425
154,155,40.062874,-22.922117
155,156,16.42864,10.315357
156,157,6.0045896,-20.133827
157,158,5.0927687,-45.765812
158,159,-19.710032,-43.451763
159,160,10.902684,-44.3733
160,161,-29.861809,-11.369146
161,162,25.893827,21.743603
162,163,-5.7575397,-24.23418
163,164,4.85253,-44.936146
164,165,6.818771,5.5314684
165,166,-8.725191,-50.36272
166,167,-15.622082,-24.706858
167,168,-12.715024,-51.01609
168,169,-46.394104,-20.46399
169,170,-22.854485,-49.629364
170,171,-20.313402,-50.926147
171,172,-6.348933,-3.3556495
172,173,-20.91199,17.231249
173,174,4.914626,-47.908638
174,175,-11.8668375,-51.708282
175,176,9.494481,-44.845566
176,177,3.7612484,-47.163933
177,178,-43.377518,-33.88623
178,179,-22.727846,5.186126
179,180,-4.5356565,-38.6836
180,181,-4.9607654,40.143635
181,182,-5.0163555,-36.252445
182,183,8.799309,-42.18625
183,184,-9.619908,59.073902
184,185,-19.132889,-47.3035
185,186,-20.408781,-8.122467
186,187,8.755228,-7.0431237
187,188,4.356157,-0.8347816
188,189,-16.8605,-17.008965
189,190,-9.501713,-15.64149
190,191,52.510147,-19.599308
191,192,10.068232,-42.293743
192,193,-28.456692,-11.569296
193,194,3.8202124,-32.133736
194,195,56.58381,-9.311579
195,196,-9.205623,-33.50463
196,197,-18.34613,56.506023
197,198,8.580655,-17.467466
198,199,16.910545,38.32883
199,200,17.690962,-9.090548
200,201,-17.285183,-7.6214876
201,202,32.79062,-8.472812
202,203,-8.70048,-39.97222
203,204,7.1941915,50.169197
204,205,32.182518,24.65475
205,206,-44.76569,-32.537075
206,207,16.316027,34.248306
207,208,-18.510406,-9.189506
208,209,3.9548252,-12.62174
209,210,-34.28542,-42.739605
210,211,19.479656,6.42344
211,212,8.458753,-0.73299426
212,213,-10.461096,-35.874687
213,214,12.883027,56.070072
214,215,-37.215706,12.371614
215,216,-4.2677655,25.048399
216,217,-7.853244,-18.340742
217,218,4.7015452,-2.763885
218,219,-5.0853844,-49.62382
219,220,16.675741,-3.3416421
220,221,55.195843,-2.0366673
221,222,-17.900255,-52.30387
222,223,6.04068,-41.146534
223,224,-13.142894,-0.37810206
224,225,26.14931,14.674927
225,226,-44.744045,16.554514
226,227,-21.633163,-16.373198
227,228,-10.335574,-39.48274
228,229,-12.769192,-4.885015
229,230,-33.45844,-4.663544
230,231,14.047866,37.950523
231,232,-13.163252,-28.700617
232,233,-7.1723833,3.2939088
233,234,-11.810889,-28.149605
234,235,-42.536804,10.228683
235,236,-0.30377296,21.542002
236,237,-27.201782,20.012192
237,238,-22.666573,-19.569603
238,239,-6.414827,-16.764648
239,240,8.542609,-15.116214
240,241,-16.57266,-0.74122334
241,242,-41.975033,2.0695202
242,243,-21.114246,35.964024
243,244,-30.73818,-33.38917
244,245,15.728409,33.69401
245,246,28.460833,11.333888
246,247,-26.019785,2.0222502
247,248,3.79026,-13.733846
248,249,13.041482,13.833755
249,250,-2.2075994,-32.331814
250,251,-8.696397,-35.765305
251,252,2.1252854,61.621227
252,253,13.316113,54.146374
253,254,23.970284,24.78363
254,255,9.446648,-15.815219
255,256,36.73407,-27.571411
256,257,35.79054,-28.688646
257,258,-1.709076,-30.43126
258,259,-33.996662,-41.26084
259,260,26.405247,35.31298
260,261,-14.420907,-7.2413497
261,262,-42.965965,-19.79368
262,263,-1.532688,-36.02815
263,264,-37.373775,13.148148
264,265,-10.716045,11.884883
265,266,3.3562016,20.608915
266,267,5.833253,-37.02591
267,268,-34.53675,-1.748482
268,269,-22.31389,5.970287
269,270,12.070925,-16.144169
270,271,13.260464,39.821476
271,272,-35.04249,5.974639
272,273,45.44544,-2.7532063
273,274,-23.49071,6.9646516
274,275,-20.618525,-18.714071
275,276,60.506023,-22.442766
276,277,-12.519503,-24.823515
277,278,-11.318303,-14.312471
278,279,-9.963934,-38.241787
279,280,-37.906994,-29.628595
280,281,-37.05246,-26.261948
281,282,-17.996576,-21.641623
282,283,12.469263,-10.113741
283,284,-40.125973,1.5164198
284,285,-7.060745,35.383755
285,286,-33.435265,-19.842253
286,287,45.06221,22.635506
287,288,-11.870538,27.514896
288,289,-12.78048,-17.21688
289,290,-10.781312,58.05041
290,291,0.90856147,-14.08412
291,292,-35.247547,7.004289
292,293,15.053588,15.769138
293,294,-25.56145,2.495524
294,295,-19.70023,33.517654
295,296,23.247478,-29.167797
296,297,40.803246,-8.840514
297,298,-44.32835,-15.123243
298,299,-6.7614093,-29.922625
299,300,-29.085974,-38.60607
300,301,-22.55565,-30.355892
301,302,-14.181499,-47.668587
302,303,-19.262846,-9.643361
303,304,11.405584,-15.207223
304,305,13.4358,-13.343017
305,306,-8.546614,-2.4456918
306,307,39.236347,-11.254362
307,308,28.486013,13.269022
308,309,-18.19936,15.06818
309,310,25.703188,4.476914
310,311,11.873672,-16.995958
311,312,2.6702564,2.4749823
312,313,7.6275163,-2.4979098
313,314,-3.1752815,13.647379
314,315,-28.659319,15.080036
315,316,11.725341,-13.296785
316,317,-8.089873,-29.71019
317,318,32.91556,-28.264744
318,319,13.479666,-20.022867
319,320,-10.126332,-36.63485
320,321,-33.048237,-10.219676
321,322,-1.6745791,3.0709176
322,323,-7.534458,16.223484
323,324,-31.991505,7.4921446
324,325,-25.271341,-6.8225884
325,326,-5.0867853,-33.43519
326,327,60.38804,-22.903627
327,328,-19.671673,-42.237186
328,329,-12.034669,-55.620342
329,330,-5.13025,-34.284218
330,331,-30.39903,-35.689735
331,332,-41.451588,7.4139333
332,333,7.59289,40.049637
333,334,8.072875,-45.787704
334,335,14.10857,8.6706295
335,336,-1.4186053,11.447853
336,337,16.91877,13.9416485
337,338,-4.65215,28.703602
338,339,8.888336,4.3574567
339,340,14.936691,-5.354813
340,341,-21.430235,-13.150644
341,342,21.47504,16.969316
342,343,22.240662,-21.741228
343,344,23.068897,-4.4681168
344,345,23.3927,-4.6512856
345,346,-23.807959,-15.774324
346,347,24.748667,33.30741
347,348,-33.41231,-37.156105
348,349,8.319306,-10.853412
349,350,-21.937967,21.237177
350,351,19.615602,-27.505762
351,352,-34.411503,-21.791794
352,353,-20.659575,-27.223637
353,354,-32.436222,11.174888
354,355,-21.349998,-47.86562
355,356,4.0394073,24.006992
356,357,-22.579037,-16.855265
357,358,26.427996,26.239243
358,359,-27.00124,-39.910084
359,360,-43.535244,-36.300953
360,361,11.30653,-15.065025
361,362,-32.437004,-42.028553
362,363,-28.799133,-2.0574825
363,364,-15.658393,-49.214115
364,365,5.363434,-43.942585
365,366,-16.846617,-50.206936
366,367,-31.965092,-37.133354
367,368,-11.810227,15.882647
368,369,52.989002,1.2264603
369,370,19.38397,-40.668175
370,371,-9.904767,-41.72609
371,372,-38.258762,13.07941
372,373,-6.811638,42.7579
373,374,32.84536,10.237648
374,375,19.153559,-20.596249
375,376,-34.930622,11.474498
376,377,-45.115948,-36.137802
377,378,-8.5171795,24.33352
378,379,-39.141754,5.2736273
379,380,-38.860016,5.769908
380,381,-42.62106,14.101915
381,382,-27.42044,-19.604197
382,383,-34.82823,-1.914943
383,384,50.956417,-14.014114
384,385,-9.553656,19.05631
385,386,-21.456062,-25.298893
386,387,-26.402565,-19.517977
387,388,44.493652,26.630774
388,389,22.667751,-3.5855646
389,390,-13.303127,-44.132744
390,391,-0.23049165,-53.83985
391,392,-42.244022,-16.920498
392,393,14.384703,19.959991
393,394,53.899582,-6.7011185
394,395,10.038186,14.751392
395,396,-34.5814,-13.654424
396,397,0.8641412,-37.90497
397,398,-26.27379,-2.6617546
398,399,-2.9236405,26.009865
399,400,17.815634,-10.76054
400,401,-29.855816,-24.048008
401,402,29.660913,35.63232
402,403,-23.73736,-35.436245
403,404,59.15208,-5.4301624
404,405,-51.99178,-1.4639875
405,406,1.4008368,4.4532957
406,407,-37.090065,-0.09070487
407,408,-15.540576,-45.55706
408,409,23.695724,-29.107582
409,410,12.691632,36.167694
410,411,-14.102163,-35.785473
411,412,28.364334,40.395798
412,413,-32.325413,-23.51274
413,414,26.965727,38.87232
414,415,14.2645035,5.5984974
415,416,-27.750992,9.340461
416,417,-39.989017,-0.3160345
417,418,4.7562275,58.214012
418,419,-2.206312,24.964895
419,420,10.237218,-44.07308
420,421,32.994537,31.724493
421,422,30.016165,4.075552
422,423,24.324137,14.01658
423,424,58.86036,-4.0426397
424,425,-0.42267948,19.967585
425,426,56.15982,-9.856409
426,427,-23.704996,-42.936974
427,428,17.857325,6.595761
428,429,13.085815,-12.211243
429,430,28.38273,23.137707
430,431,-9.657315,-62.149975
431,432,31.424494,6.363278
432,433,-45.34973,-35.868397
433,434,-17.139805,-26.47238
434,435,18.211668,40.580887
435,436,-7.431244,-31.424349
436,437,-15.454905,-9.934509
437,438,-37.853268,9.920743
438,439,-13.742174,-39.379772
439,440,-13.464131,-9.274501
440,441,-6.1608033,-37.246803
441,442,-47.305004,-1.1689309
442,443,27.231504,-15.801405
443,444,16.928123,14.509996
444,445,-44.882122,12.213435
445,446,21.366467,22.28672
446,447,-20.287106,-36.77162
447,448,1.575372,-23.624462
448,449,-22.854904,-51.202724
449,450,23.909346,21.380404
450,451,12.33707,10.362656
451,452,-28.007917,-6.269854
452,453,37.21702,44.533596
453,454,-2.23276,42.035885
454,455,-52.344276,-2.2658699
455,456,-21.35075,-13.563978
456,457,-48.98505,-1.021565
457,458,52.657475,0.60437435
458,459,-5.248371,4.8664975
459,460,-34.791492,-12.678057
460,461,35.051098,-11.171421
461,462,-16.194529,-3.889031
462,463,-19.760593,-21.14959
463,464,-12.656979,-49.68316
464,465,-12.781645,22.343546
465,466,16.339325,16.939745
466,467,-17.009705,64.330536
467,468,25.736149,-21.638044
468,469,23.111588,-39.4973
469,470,-28.628143,-2.6139703
470,471,2.763425,-22.771284
471,472,44.501232,23.338514
472,473,4.277817,-49.17889
473,474,-20.107882,-42.04611
474,475,-42.452988,3.7365935
475,476,12.116592,36.575436
476,477,-3.4363685,1.1830461
477,478,-41.3984,-5.11505
478,479,13.781363,-7.383206
479,480,9.682193,-25.529385
480,481,-46.6038,-15.510223
481,482,49.06903,-8.904347
482,483,-0.014409162,4.6424117
483,484,-23.089033,20.86124
484,485,40.647995,2.190918
485,486,-40.95971,-23.579926
486,487,-41.68556,-2.7877464
487,488,-11.167342,-12.622479
488,489,-22.813381,-44.335075
489,490,-8.924398,39.67813
490,491,-41.47131,-25.446823
491,492,11.947181,33.721413
492,493,-7.176608,-26.013714
493,494,-19.285809,-23.869051
494,495,25.822481,16.741873
495,496,12.163453,-33.097668
496,497,20.27853,-35.22419
497,498,-15.507468,3.117579
498,499,-14.916397,9.551445
499,500,-35.297867,7.301996
500,501,24.313759,30.649572
501,502,-1.7608591,-9.979989
502,503,-9.020172,53.78797
503,504,-25.42116,-24.628979
504,505,14.809394,41.378723
505,506,-46.131622,-36.0274
506,507,22.11069,-11.78218
507,508,-43.267635,0.19973227
508,509,-8.400975,25.504292
509,510,44.619316,20.615416
510,511,12.052883,-17.61298
511,512,11.631482,28.85814
512,513,-8.853473,-38.755524
513,514,-27.308609,-28.352995
514,515,-52.00196,-1.3935386
515,516,-11.118419,-26.021599
516,517,-41.660053,-4.1741242
517,518,-11.743527,48.23311
518,519,-8.720954,58.28306
519,520,28.28533,29.784637
520,521,-25.404758,-7.6901135
521,522,39.952854,-24.23467
522,523,-8.304332,16.4691
523,524,-43.04898,-37.16928
524,525,7.563399,-16.538483
525,526,49.659615,-7.7718325
526,527,-7.1276264,-19.207739
527,528,-32.684135,-25.582294
528,529,-26.668997,-25.962723
529,530,-22.054213,-12.96954
530,531,-24.499249,-15.294609
531,532,-21.37654,-32.612473
532,533,-16.18072,-5.3195972
533,534,53.679787,-0.89873475
534,535,-18.438475,-24.307665
535,536,-27.071194,-24.744347
536,537,-37.813766,-2.525761
537,538,-20.102495,-16.791111
538,539,-30.111214,-31.67322
539,540,11.618907,55.081158
540,541,-3.7857852,1.7180187
541,542,33.771744,9.317574
542,543,-1.4958675,50.626736
543,544,19.89024,5.736847
544,545,-15.244661,59.135086
545,546,-18.638826,-7.563953
546,547,-11.987297,-22.269934
547,548,-23.36906,11.773585
548,549,3.3009539,-20.542831
549,550,-30.41117,-20.907425
550,551,-15.724796,12.043971
551,552,-23.191425,-37.42213
552,553,-19.597496,-4.1300173
553,554,-19.59949,18.157879
554,555,-49.64362,3.6371114
555,556,22.45112,33.63711
556,557,7.8294244,-15.709405
557,558,-4.7318487,55.860584
558,559,-45.700855,-20.874681
559,560,-8.418898,35.560528
560,561,9.222411,-20.50199
561,562,32.140797,17.698814
562,563,44.397854,-4.378801
563,564,-25.98444,-23.207935
564,565,-22.455797,31.713764
565,566,-13.921684,1.3629507
566,567,-13.177942,-26.322075
567,568,9.296579,-20.633654
568,569,9.320392,27.177656
569,570,-17.681744,-15.785282
570,571,15.619773,12.7782345
571,572,21.783792,17.186794
572,573,13.762388,-4.311
573,574,-29.161905,15.566902
574,575,-32.42539,-35.533672
575,576,-26.06325,-2.924466
576,577,21.11394,-31.263027
577,578,18.463663,-31.837242
578,579,19.666014,-31.239485
579,580,19.697691,-32.10472
580,581,19.729643,-32.367744
581,582,10.698877,7.3846836
582,583,-37.381943,-24.986628
583,584,-24.530006,15.619257
584,585,2.0981083,30.059711
585,586,13.318105,-11.62079
586,587,21.998318,15.868509
587,588,-23.062124,-0.7644539
588,589,13.493737,35.8937
589,590,-19.557535,9.870919
590,591,12.901495,20.536383
591,592,-15.269447,-22.458645
592,593,-16.242012,-2.748208
593,594,-28.923252,0.83992815
594,595,20.88343,-2.5253391
595,596,-1.1973293,14.625388
596,597,-21.624987,8.766932
597,598,6.657099,43.784306
598,599,26.674526,31.783018
599,600,-35.91211,-14.199297
600,601,-20.498226,31.503147
601,602,-22.019121,-1.3467952
602,603,11.392231,3.607093
603,604,-22.071423,6.5152087
604,605,-8.334569,30.021437
605,606,-28.598427,-17.613457
606,607,-9.343092,-54.143524
607,608,-12.033969,29.385658
608,609,-37.540314,9.551565
609,610,7.8238535,0.8243924
610,611,-2.3393552,-48.42643
611,612,-25.652357,5.883424
612,613,-19.683231,-49.54833
613,614,0.80031943,-11.216401
614,615,-15.472364,-49.166126
615,616,3.0663466,-48.392452
616,617,29.016962,17.409502
617,618,21.764841,29.952347
618,619,-21.277004,20.209959
619,620,-9.283165,25.408705
620,621,-6.033424,-39.224804
621,622,13.216118,9.917831
622,623,3.5132298,53.191723
623,624,-33.52528,-19.472254
624,625,-21.73692,-49.991055
625,626,-1.6274732,26.512102
626,627,-6.9583106,3.087948
627,628,-20.74167,-50.045372
628,629,-20.885544,-25.9828
629,630,-14.780297,-46.394554
630,631,-23.540764,-0.8294894
631,632,-17.480978,-55.573498
632,633,-15.364665,1.313874
633,634,7.5283976,-25.136185
634,635,-8.057036,36.764416
635,636,-30.57559,-30.077883
636,637,-36.520893,-25.650635
637,638,12.266915,27.165934
638,639,8.7616205,28.95432
639,640,11.21711,4.991508
640,641,43.13066,22.823923
641,642,-17.266819,-46.89001
642,643,-30.558136,-4.4004726
643,644,0.9028401,-0.98434776
644,645,36.781315,-7.250576
645,646,-5.331808,62.78653
646,647,26.65998,-1.4408553
647,648,32.143215,35.260082
648,649,-20.167933,-49.9711
649,650,-41.64385,-0.59909505
650,651,-10.648867,-27.233183
651,652,35.60391,-8.717876
652,653,-25.491074,39.592476
653,654,-30.932177,-14.5811
654,655,28.16188,40.373764
655,656,16.779118,-29.777832
656,657,44.260853,-16.08039
657,658,18.55443,23.596327
658,659,14.962804,-0.6481973
659,660,-6.9023776,-27.563204
660,661,11.414751,-33.70146
661,662,9.740864,-26.483877
662,663,-30.86629,-9.266578
663,664,-17.399736,21.345188
664,665,-50.21961,3.658531
665,666,-4.6121526,-15.577541
666,667,-4.043221,7.2419114
667,668,-22.204666,40.49897
668,669,-42.12246,1.1328024
669,670,36.128166,-9.38475
670,671,30.91789,13.724399
671,672,-12.171864,-44.09533
672,673,25.577412,32.03567
673,674,-19.725336,-45.884182
674,675,-0.91107345,-31.573734
675,676,4.43176,40.878723
676,677,-1.6935512,-8.7224045
677,678,0.19504465,2.4348934
678,679,-14.196652,-51.154118
679,680,26.935966,12.672413
680,681,3.2808297,49.38912
681,682,20.315172,23.725487
682,683,17.818848,22.45377
683,684,-17.479458,-34.75629
684,685,-12.65859,22.527428
685,686,-11.2167635,34.76952
686,687,-8.0255575,19.802944
687,688,17.500595,50.455303
688,689,4.2293806,32.439003
689,690,21.131268,30.563288
690,691,-22.478369,3.1536374
691,692,25.162064,-7.2387576
692,693,0.8437098,-19.037739
693,694,-32.849506,-21.522974
694,695,-5.700976,5.0375686
695,696,55.026096,0.020288156
696,697,27.936771,36.9756
697,698,-32.772415,-32.605995
698,699,4.1171565,-39.861126
699,700,2.9732049,-3.0514119
700,701,7.385864,-35.913754
701,702,1.4009124,32.74292
702,703,-8.098389,-2.6595244
703,704,-21.63742,-17.15918
704,705,10.827816,-4.04921
705,706,-7.0271053,-27.580013
706,707,-12.183675,-46.23027
707,708,19.81775,1.677417
708,709,39.138016,-11.347232
709,710,2.591488,0.07842303
710,711,20.669872,16.24713
711,712,6.2334986,-22.461893
712,713,7.5680017,40.855103
713,714,-38.38501,-31.74101
714,715,-3.096489,61.77093
715,716,16.09809,-34.68431
716,717,-51.25054,1.1727933
717,718,42.11212,-5.061579
718,719,14.939019,-23.349726
719,720,40.64943,23.803833
720,721,8.719402,-26.719318
721,722,-25.86923,-27.27652
722,723,-14.300085,11.638945
723,724,25.65651,52.26349
724,725,2.7709575,-17.249355
725,726,22.004192,47.397266
726,727,10.137664,11.249582
727,728,-27.614143,-30.20972
728,729,-43.376118,9.334494
729,730,-27.177233,31.234495
730,731,29.046251,22.87086
731,732,34.59118,-6.643448
732,733,-18.31506,12.655105
733,734,22.089125,14.049785
734,735,20.005957,14.221251
735,736,15.711146,4.3023305
736,737,-25.839188,0.3119705
737,738,5.117175,-3.1441865
738,739,42.61772,-9.957279
739,740,21.287792,23.075512
740,741,11.609909,22.455128
741,742,18.257763,9.869654
742,743,-1.0820937,-34.42376
743,744,-15.959834,-32.64223
744,745,-9.956586,32.948814
745,746,-9.656161,-62.160854
746,747,-4.5713706,48.373676
747,748,36.700592,44.57296
748,749,-6.529275,48.359333
749,750,-12.453386,32.540707
750,751,-3.3493857,-55.247234
751,752,-26.7216,19.308708
752,753,33.15112,47.510376
753,754,49.359364,-13.562423
754,755,-2.4103582,22.875986
755,756,10.441274,20.083113
756,757,-5.301665,-19.641926
757,758,14.95242,2.2740128
758,759,-8.525436,41.285355
759,760,31.153624,-40.96652
760,761,4.901623,11.984006
761,762,-17.655407,-13.532001
762,763,-0.6924132,-44.306366
763,764,-29.692802,-43.789597
764,765,10.459042,-20.286652
765,766,32.7412,10.74404
766,767,10.774434,-37.972565
767,768,-15.8474455,-9.692207
768,769,12.541289,-22.841354
769,770,-12.811426,-37.00891
770,771,-10.192059,-1.2549121
771,772,31.286423,38.099834
772,773,-24.330345,41.6671
773,774,-3.1257994,-40.207764
774,775,0.30326387,-37.66162
775,776,-24.35075,-42.97657
776,777,-43.93281,7.6641445
777,778,17.124466,-30.267487
778,779,4.6115003,24.276735
779,780,-9.791411,-4.6903577
780,781,31.614262,38.76924
781,782,-38.91884,-38.11741
782,783,-6.6974506,-43.683853
783,784,19.79623,0.5256943
784,785,-42.21279,-35.164307
785,786,8.483345,4.844316
786,787,35.745567,-12.666822
787,788,26.450256,16.86847
788,789,-43.327072,17.735416
789,790,-32.37577,-7.588447
790,791,-9.891166,-40.258503
791,792,10.258636,21.233143
792,793,-16.283766,19.597553
793,794,3.090828,-17.566154
794,795,-0.8889017,16.540789
795,796,-11.262589,-26.622284
796,797,12.599589,-2.144247
797,798,46.941715,-2.6799574
798,799,19.383688,44.788406
799,800,15.9314575,-10.520515
800,801,13.534004,15.442414
801,802,32.995255,47.71449
802,803,18.340824,38.08887
803,804,33.468372,22.65337
804,805,17.314833,6.586956
805,806,15.210448,17.322523
806,807,2.7310476,-52.34953
807,808,50.111317,-19.536531
808,809,16.527533,13.252888
809,810,-16.266867,-22.17233
810,811,8.616714,14.448761
811,812,-29.106993,-24.15524
812,813,-44.90521,15.237988
813,814,-24.142424,-37.806618
814,815,6.965671,56.586864
815,816,-11.794413,2.0947363
816,817,-34.969284,-7.9136086
817,818,3.9023223,-36.112057
818,819,-30.855982,-7.9973946
819,820,-18.159235,-1.293007
820,821,-17.680244,-1.5071517
821,822,-5.6319213,-30.153086
822,823,-43.97721,16.10558
823,824,-23.08356,-9.104432
824,825,19.300034,-20.877024
825,826,4.404422,15.103334
826,827,-21.7976,-3.5833604
827,828,-9.311146,-39.327847
828,829,20.46122,-8.522355
829,830,-12.445703,-32.63611
830,831,-3.6658497,-7.1534047
831,832,5.7947197,52.541183
832,833,-23.296553,-37.485462
833,834,-15.501795,-6.451492
834,835,20.896975,17.662792
835,836,-1.8024616,-29.357777
836,837,-12.777872,32.374115
837,838,-22.719046,28.671682
838,839,26.664268,-4.6784053
839,840,-22.07169,32.753334
840,841,-20.717674,-33.05612
841,842,3.433905,-47.843086
842,843,-1.1730708,11.845282
843,844,-14.521358,55.49986
844,845,-14.030503,-26.98868
845,846,12.297472,-26.872076
846,847,25.411383,24.408129
847,848,-8.766464,-7.363143
848,849,-12.500137,-22.317835
849,850,37.777946,-25.654673
850,851,40.036438,-17.155132
851,852,-17.62875,-23.46496
852,853,-35.183056,-5.236339
853,854,50.9584,-0.19282848
854,855,-17.740694,-22.530886
855,856,23.283682,-24.481136
856,857,-42.73688,13.868479
857,858,15.187277,-16.700125
858,859,3.9081812,44.106552
859,860,-28.12564,-23.231617
860,861,9.556592,-26.357391
861,862,-16.886997,-56.16881
862,863,-3.1649938,-36.240532
863,864,12.069013,-5.162352
864,865,2.7551444,-28.099041
865,866,-1.1870978,-28.822992
866,867,18.564117,39.564632
867,868,-11.241144,52.47638
868,869,-19.248163,-54.08903
869,870,-23.93594,46.336285
870,871,-19.947626,-37.52391
871,872,18.691729,-10.991276
872,873,24.053984,14.3328085
873,874,-17.163193,24.298647
874,875,-32.609814,-37.18375
875,876,-19.922935,-25.8009
876,877,-36.535492,-13.42414
877,878,13.920162,40.990967
878,879,-43.840668,8.554073
879,880,-18.836346,-42.63524
880,881,-3.9043064,62.84857
881,882,49.062267,-2.5077667
882,883,19.868578,2.066891
883,884,-6.9244013,-3.2010176
884,885,34.254498,25.745163
885,886,-16.596354,-11.68393
886,887,48.845325,-19.610523
887,888,25.654625,52.26164
888,889,-23.158339,-4.543885
889,890,23.197212,-39.382336
890,891,-32.952087,37.440365
891,892,-3.1014595,-35.123398
892,893,-0.90685344,61.775356
893,894,-11.551437,-30.836712
894,895,-13.580288,-22.602562
895,896,21.929203,-11.255706
896,897,9.93005,8.921091
897,898,20.730024,42.25186
898,899,-13.586855,56.623768
899,900,-24.846727,-48.04711
900,901,-15.330167,46.552647
901,902,40.88825,-11.895828
902,903,-19.24502,7.027233
903,904,-15.152841,24.751385
904,905,-11.119784,-37.574646
905,906,-23.857327,31.618534
906,907,-32.92079,37.553093
907,908,-8.510016,-15.082751
908,909,0.35843873,21.987206
909,910,-21.742847,32.292294
910,911,20.233774,-7.4946303
911,912,21.456589,37.791443
912,913,-5.837636,26.394691
913,914,1.3844413,-9.952774
914,915,32.389614,26.118652
915,916,46.33747,1.0420353
916,917,-37.07153,-30.55925
917,918,-32.23511,-38.519363
918,919,-33.4071,-7.8493423
919,920,-20.9166,5.3211226
920,921,-18.96453,1.342196
921,922,-1.3256394,-40.762295
922,923,-0.38960928,26.66574
923,924,-14.72369,-20.3635
924,925,0.96017545,-3.5272021
925,926,-8.307168,-27.553244
926,927,0.34878623,3.8828926
927,928,29.552671,22.60341
928,929,-3.624747,-20.63611
929,930,-16.68407,63.433712
930,931,3.47912,-1.9162498
931,932,14.996397,22.367445
932,933,-23.031885,-10.651743
933,934,10.068776,-28.050758
934,935,-7.4995437,31.203691
935,936,-8.465779,40.591225
936,937,-40.524166,28.544367
937,938,2.727062,-1.9168999
938,939,-44.39749,12.290007
939,940,-32.481712,-1.4478892
940,941,21.757587,45.676674
941,942,-42.94594,15.431629
942,943,29.108091,3.5823646
943,944,11.392244,30.140848
944,945,-14.391887,-49.232536
945,946,30.213474,36.685955
946,947,-23.127232,-58.302246
947,948,14.271677,-3.6682155
948,949,-6.7163024,-44.27907
949,950,-21.143732,-6.026943
950,951,11.10019,1.0725948
951,952,13.086325,14.720663
952,953,-33.932446,-28.124304
953,954,-10.953813,15.386164
954,955,-2.81991,-36.484295
955,956,-32.85134,-27.485435
956,957,26.55638,31.261087
957,958,6.3679824,3.9204051
958,959,-16.175987,3.1412418
959,960,12.485961,34.36902
960,961,13.004062,-16.251965
961,962,18.264664,34.142456
962,963,5.4245896,58.1713
963,964,26.218534,33.50824
964,965,24.718056,-29.249153
965,966,-9.08792,-25.313343
966,967,10.812502,39.773956
967,968,30.98614,27.141157
968,969,49.58711,-7.1582417
969,970,-20.144293,27.552158
970,971,-1.2988895,-35.56443
971,972,-42.549366,1.051669
972,973,-8.974776,-10.965938
973,974,-26.347565,0.17482156
974,975,6.105234,33.990353
975,976,20.809782,33.10754
976,977,2.8663518,-43.04303
977,978,-22.702728,38.173466
978,979,12.063431,-2.1558664
979,980,11.896956,45.204224
980,981,-25.83216,6.973331
981,982,17.63246,20.045092
982,983,18.243162,23.850498
983,984,3.8101027,22.76271
984,985,1.0842294,14.998256
985,986,35.8239,34.30383
986,987,-8.181294,-0.15823476
987,988,-26.06583,41.63492
988,989,10.034018,-11.270151
989,990,-4.434133,-11.716238
990,991,-18.131441,-0.53417444
991,992,35.824623,-27.438934
992,993,43.26505,26.014614
993,994,-1.7798752,32.623806
994,995,-42.38709,-4.330631
995,996,18.007458,-6.0547643
996,997,21.10805,-33.11754
997,998,-18.339678,-30.095272
998,999,-2.276101,-27.178825
999,1000,-16.737251,26.349401
1000,1001,-26.493645,-12.640055
1001,1002,50.22122,-19.48335
1002,1003,-39.268047,-38.365578
1003,1004,-12.450435,-2.6181493
1004,1005,-8.290872,32.134277
1005,1006,6.972781,-49.4787
1006,1007,-3.7083864,60.259205
1007,1008,-29.74153,-27.31912
1008,1009,-23.938381,-26.6592
1009,1010,-4.237966,-1.7232673
1010,1011,19.857956,-3.8988023
1011,1012,19.969543,11.322903
1012,1013,-31.031296,-8.812901
1013,1014,29.593443,14.0655775
1014,1015,-17.087431,5.672909
1015,1016,-31.291842,-32.558674
1016,1017,-3.7694876,62.822544
1017,1018,32.39,6.8806562
1018,1019,-5.977236,36.69927
1019,1020,-9.829002,7.88642
1020,1021,8.015963,13.31847
1021,1022,14.379254,7.9116545
1022,1023,24.480453,0.89974207
1023,1024,-22.644232,-4.2207813
1024,1025,-25.838589,-10.427627
1025,1026,-0.32905594,12.730451
1026,1027,2.9073231,-22.129332
1027,1028,8.201143,13.873107
1028,1029,17.142063,36.510967
1029,1030,1.7393438,-16.170639
1030,1031,-10.458622,36.134823
1031,1032,-2.5580468,-11.329908
1032,1033,-0.93153864,38.790787
1033,1034,57.288258,-10.250605
1034,1035,43.162304,23.465963
1035,1036,15.803877,0.4660318
1036,1037,-16.338081,-6.4718337
1037,1038,37.363235,33.55048
1038,1039,-36.184498,-42.280052
1039,1040,40.126427,-21.492544
1040,1041,21.875265,6.310343
1041,1042,-17.444954,-35.521538
1042,1043,0.96388423,62.53356
1043,1044,-21.445475,-0.17444433
1044,1045,-17.39202,18.256828
1045,1046,7.621408,-31.00186
1046,1047,53.154125,-7.7487497
1047,1048,0.9450435,62.39769
1048,1049,-41.513203,15.755678
1049,1050,9.003444,-39.754684
1050,1051,43.02428,-14.497059
1051,1052,-2.2532547,26.424847
1052,1053,1.598274,-41.91089
1053,1054,23.792454,6.9437366
1054,1055,-1.7463465,-0.9450722
1055,1056,-27.926777,43.300613
1056,1057,17.637634,-32.218277
1057,1058,-21.68127,7.463324
1058,1059,-17.775272,-5.445028
1059,1060,7.7527995,24.185963
1060,1061,52.851845,-9.467495
1061,1062,22.185099,43.11168
1062,1063,-43.14371,-15.520706
1063,1064,11.83918,52.982994
1064,1065,-13.9177885,-15.486835
1065,1066,-25.016315,41.430187
1066,1067,-13.897079,-53.67358
1067,1068,-26.732883,-33.398796
1068,1069,-8.678092,-37.524807
1069,1070,-9.751243,65.67469
1070,1071,20.530664,51.432766
1071,1072,-37.159084,-20.146772
1072,1073,-11.7787,22.839092
1073,1074,-25.560398,-25.093601
1074,1075,-15.163286,26.763073
1075,1076,39.79631,-9.635575
1076,1077,16.087122,18.354452
1077,1078,8.870686,20.356628
1078,1079,44.85591,-22.72107
1079,1080,4.088232,48.08033
1080,1081,12.595228,11.385972
1081,1082,-36.728615,-5.6827044
1082,1083,-0.561006,3.1767416
1083,1084,-35.043076,-23.265509
1084,1085,10.721521,22.035255
1085,1086,49.463005,-17.298317
1086,1087,30.650566,20.532713
1087,1088,-1.4471823,-11.458754
1088,1089,6.1606183,-49.29876
1089,1090,25.777046,29.698502
1090,1091,18.375122,24.996195
1091,1092,19.27469,-33.929626
1092,1093,48.065014,-19.829802
1093,1094,-51.54335,-0.70911926
1094,1095,7.5170693,24.479197
1095,1096,-1.8919419,-37.86107
1096,1097,-23.991455,-12.784372
1097,1098,-12.18958,65.38622
1098,1099,-1.5425848,-13.480621
1099,1100,27.16004,4.861587
1100,1101,30.430305,-34.666912
1101,1102,-42.10459,-14.866253
1102,1103,-34.816833,-20.040298
1103,1104,19.109913,-11.692934
1104,1105,1.5274459,24.898958
1105,1106,-1.5953729,2.6543195
1106,1107,55.295437,-10.631412
1107,1108,-18.451553,1.1702918
1108,1109,-10.404083,67.16889
1109,1110,15.01699,41.67665
1110,1111,23.301273,10.71334
1111,1112,15.107887,10.142336
1112,1113,25.97224,1.3003967
1113,1114,-18.936024,-2.081976
1114,1115,-39.402496,-11.428662
1115,1116,60.506023,-22.442766
1116,1117,-3.3396595,-7.916154
1117,1118,1.9303058,-43.782066
1118,1119,-7.925532,25.960287
1119,1120,-45.33572,-11.961061
1120,1121,-19.161772,-52.900116
1121,1122,12.520358,-32.883446
1122,1123,29.596163,-25.905117
1123,1124,-9.49274,44.901867
1124,1125,8.350623,41.84896
1125,1126,-0.6117242,14.088901
1126,1127,11.790067,44.850395
1127,1128,-31.968401,-42.270546
1128,1129,6.298977,54.356274
1129,1130,-19.734463,-23.432175
1130,1131,0.083026476,55.473568
1131,1132,-2.8139083,9.069378
1132,1133,-14.791506,46.2066
1133,1134,24.957165,17.243275
1134,1135,32.87386,22.18788
1135,1136,-6.7051754,-13.714419
1136,1137,-40.53758,-17.977753
1137,1138,0.8585968,49.48861
1138,1139,35.40685,8.420129
1139,1140,39.325153,-3.4224358
1140,1141,23.439554,-18.342688
1141,1142,41.266037,-8.528208
1142,1143,-8.145422,2.798465
1143,1144,55.695194,1.1275866
1144,1145,19.840588,-13.494514
1145,1146,-18.032331,-51.695843
1146,1147,48.504623,-4.95326
1147,1148,38.25507,-6.079391
1148,1149,-38.8488,-9.363532
1149,1150,-18.061117,-16.281685
1150,1151,38.930656,-6.8494473
1151,1152,1.6109786,3.106151
1152,1153,-2.3469398,-43.96894
1153,1154,2.2835667,-48.47921
1154,1155,-6.1009636,-43.327328
1155,1156,0.9944738,32.72568
1156,1157,-2.4336252,15.633329
1157,1158,1.6317595,-11.352634
1158,1159,18.004251,33.29861
1159,1160,-16.349768,16.465874
1160,1161,49.154316,-5.629661
1161,1162,-9.418424,27.013119
1162,1163,-13.733674,-32.50888
1163,1164,5.0819597,14.980273
1164,1165,4.261306,51.869637
1165,1166,-1.7994076,7.602419
1166,1167,60.506023,-22.442766
1167,1168,-5.284424,21.97618
1168,1169,31.308125,-11.501416
1169,1170,-12.651987,-40.058167
1170,1171,-43.59423,-40.351074
1171,1172,-21.937262,27.249365
1172,1173,14.110531,-12.043074
1173,1174,-15.883045,37.058628
1174,1175,-10.171565,51.853725
1175,1176,-37.075752,-16.177168
1176,1177,-22.504726,-29.350634
1177,1178,-4.8243146,-53.292038
1178,1179,55.65838,-10.026727
1179,1180,-21.948181,21.976309
1180,1181,-14.444633,35.4201
1181,1182,-32.451984,-30.160221
1182,1183,26.587528,34.625607
1183,1184,0.41307998,46.689632
1184,1185,52.300777,-1.2431123
1185,1186,7.1777406,9.054261
1186,1187,-21.291155,14.453167
1187,1188,55.849873,-0.7506449
1188,1189,14.881318,55.34011
1189,1190,52.275463,-19.253311
1190,1191,-43.557476,-14.525517
1191,1192,-34.168842,-25.956005
1192,1193,-8.324928,36.071625
1193,1194,-9.142568,10.690846
1194,1195,13.650075,52.52045
1195,1196,38.89926,-26.496918
1196,1197,-16.394133,37.255432
1197,1198,27.796324,33.411198
1198,1199,-40.032772,-26.469564
1199,1200,-16.951649,22.047915
1200,1201,-7.598076,5.7707787
1201,1202,27.446394,39.207558
1202,1203,-41.145107,9.963645
1203,1204,6.6185703,56.93451
1204,1205,-9.436166,65.85328
1205,1206,-27.521765,-16.946064
1206,1207,-19.965065,-25.716589
1207,1208,-9.708375,41.034748
1208,1209,-25.178776,-25.754313
1209,1210,29.933697,11.8652935
1210,1211,3.1654813,11.033424
1211,1212,-33.75781,-42.475433
1212,1213,-13.380621,41.45848
1213,1214,-30.857428,-18.703466
1214,1215,6.6410375,2.5918353
1215,1216,-12.495237,-40.270435
1216,1217,0.10635859,28.354147
1217,1218,-33.423107,-40.572704
1218,1219,8.598589,22.71072
1219,1220,-9.036484,43.468002
1220,1221,22.865896,-17.758577
1221,1222,-19.577606,-46.900925
1222,1223,-11.389178,-29.041805
1223,1224,-7.696146,33.91599
1224,1225,23.285473,45.96842
1225,1226,-42.459347,10.590943
1226,1227,11.090811,28.192442
1227,1228,-15.5089855,-15.191422
1228,1229,-34.261585,18.413897
1229,1230,6.3972673,58.5433
1230,1231,21.584787,29.237732
1231,1232,-3.6598628,-23.7908
1232,1233,-14.932372,-0.62426543
1233,1234,-16.812916,-6.455744
1234,1235,-2.3767474,61.678505
1235,1236,30.458858,27.014038
1236,1237,-15.507153,35.096527
1237,1238,-12.084093,1.8610983
1238,1239,-21.102983,-22.25348
1239,1240,-13.16371,23.54516
1240,1241,-12.648517,13.653506
1241,1242,-9.886248,51.61353
1242,1243,-8.817099,-14.303976
1243,1244,-7.5128407,23.56623
1244,1245,0.010201429,31.407906
1245,1246,2.537776,19.420452
1246,1247,-17.016708,35.56809
1247,1248,-29.922348,-26.002491
1248,1249,50.67192,-17.839434
1249,1250,-18.431114,30.23
1250,1251,1.6038888,24.81856
1251,1252,-0.2047336,16.963404
1252,1253,50.16812,-14.8731575
1253,1254,-6.914605,-44.11985
1254,1255,32.825245,5.7256703
1255,1256,-0.5748181,-47.875557
1256,1257,20.938725,9.411177
1257,1258,-33.50889,11.78185
1258,1259,-6.6567593,-8.369986
1259,1260,23.062767,18.623552
1260,1261,-39.096302,-29.243896
1261,1262,6.3138323,-38.791203
1262,1263,-28.44347,-27.9273
1263,1264,-29.186152,-16.961132
1264,1265,42.12812,24.746418
1265,1266,-16.37723,55.35226
1266,1267,21.963383,12.409099
1267,1268,-0.28127825,-25.431269
1268,1269,-15.9401,-25.883629
1269,1270,-9.930997,-17.85889
1270,1271,4.3024683,43.576252
1271,1272,31.155943,-40.964466
1272,1273,-9.610657,57.88636
1273,1274,36.70382,-26.627352
1274,1275,51.651276,-0.74253744
1275,1276,1.5590807,49.095158
1276,1277,-6.3484945,-23.63352
1277,1278,3.0282485,10.760898
1278,1279,-5.068755,-45.16528
1279,1280,-3.0605567,3.314066
1280,1281,-16.58441,63.183784
1281,1282,-0.82572025,-6.7181
1282,1283,35.423454,-15.370406
1283,1284,-46.247856,-16.32079
1284,1285,29.588364,37.431904
1285,1286,51.47991,-21.083443
1286,1287,27.156141,-4.678469
1287,1288,53.28068,-22.00858
1288,1289,-6.429625,2.315438
1289,1290,-37.448734,-16.970491
1290,1291,6.488051,-30.920311
1291,1292,41.8584,-3.0944395
1292,1293,-3.5481076,-11.176808
1293,1294,51.995487,-23.488377
1294,1295,-2.8409135,19.251497
1295,1296,52.90193,-10.000626
1296,1297,-9.84865,10.961749
1297,1298,38.50555,-7.831689
1298,1299,-1.5209417,60.833046
1299,1300,40.769318,-9.802286
1300,1301,-14.7370825,58.566284
1301,1302,-13.540567,7.3323107
1302,1303,-28.68528,15.162091
1303,1304,-16.902416,11.02817
1304,1305,7.0329604,-0.38087595
1305,1306,-12.844196,57.135803
1306,1307,-19.101307,-6.41907
1307,1308,26.22665,27.407494
1308,1309,-3.1114335,3.4314563
1309,1310,14.339281,48.77172
1310,1311,10.071044,28.948065
1311,1312,41.175797,-3.8304076
1312,1313,-36.77856,-25.643707
1313,1314,-4.6356425,-22.54552
1314,1315,-24.90504,-47.57579
1315,1316,-34.037746,-23.2801
1316,1317,-19.223125,2.1118593
1317,1318,4.822489,19.466778
1318,1319,-22.37713,45.117714
1319,1320,4.238191,-24.288223
1320,1321,-4.3445845,-9.69635
1321,1322,-27.782978,-6.3425245
1322,1323,-25.51828,-29.441029
1323,1324,34.864864,-9.702216
1324,1325,-7.5211,-38.673374
1325,1326,-22.238548,-28.407328
1326,1327,-2.8811991,2.13758
1327,1328,-28.534065,10.184078
1328,1329,7.8512273,-10.101991
1329,1330,-1.8852437,-48.277187
1330,1331,52.439854,-8.275947
1331,1332,-47.909134,-33.566887
1332,1333,-32.27231,-32.59719
1333,1334,-15.252476,-41.83379
1334,1335,49.477013,-9.868016
1335,1336,2.419326,30.565435
1336,1337,-15.476954,11.40207
1337,1338,20.096354,50.525715
1338,1339,-23.615812,-44.90769
1339,1340,-32.647,-18.32703
1340,1341,-13.390216,41.06645
1341,1342,-16.873705,9.029552
1342,1343,-21.69895,44.7718
1343,1344,-18.446238,-41.24516
1344,1345,-2.6938329,-30.253433
1345,1346,16.882883,-1.9450414
1346,1347,-10.390658,25.834467
1347,1348,-1.1278973,2.9928071
1348,1349,-15.563803,-37.32881
1349,1350,12.347717,24.542904
1350,1351,4.9970474,28.817663
1351,1352,8.6339655,18.044106
1352,1353,-32.002575,-28.56151
1353,1354,-22.26925,28.093616
1354,1355,0.31604415,4.786543
1355,1356,-9.203826,45.231003
1356,1357,-2.7686982,-41.491405
1357,1358,19.060493,15.784102
1358,1359,-40.940342,-25.7341
1359,1360,55.48798,-4.497701
1360,1361,35.847057,-29.496283
1361,1362,-16.210617,-42.356976
1362,1363,0.8217406,40.39436
1363,1364,-0.94233936,-36.70232
1364,1365,38.191856,-7.747775
1365,1366,25.027475,34.844357
1366,1367,-8.197405,-33.617645
1367,1368,-1.9566739,28.521566
1368,1369,-33.92622,-23.59447
1369,1370,5.3171334,-32.160305
1370,1371,-30.949617,23.241322
1371,1372,1.9126993,41.713375
1372,1373,16.903276,45.51016
1373,1374,-29.117872,-43.56183
1374,1375,-14.05946,59.515957
1375,1376,22.709568,32.731342
1376,1377,3.7731695,-30.303692
1377,1378,-12.122194,-49.272984
1378,1379,-1.1222537,54.492397
1379,1380,28.377253,-20.780796
1380,1381,1.9779515,5.4225483
1381,1382,-40.93792,16.126503
1382,1383,40.479458,-16.465168
1383,1384,-40.61516,0.0039769085
1384,1385,2.6832979,-10.183972
1385,1386,-7.315775,-22.655905
1386,1387,-12.201389,5.4921184
1387,1388,-30.834185,4.6200347
1388,1389,1.7810736,49.91306
1389,1390,-25.988445,-48.696674
1390,1391,-2.8034005,18.17675
1391,1392,45.110123,-14.937026
1392,1393,36.539318,-9.747448
1393,1394,-25.20184,-4.379241
1394,1395,-31.297916,5.606075
1395,1396,10.016656,-10.787495
1396,1397,23.874693,-41.55193
1397,1398,4.7511263,12.094835
1398,1399,-8.319131,23.025854
1399,1400,37.220924,-10.878684
1400,1401,-39.580425,-1.1613626
1401,1402,-2.127282,59.30331
1402,1403,19.11025,12.183644
1403,1404,-22.651701,-44.124985
1404,1405,-19.1562,-15.527926
1405,1406,56.92584,-4.0228996
1406,1407,46.78808,-24.96736
1407,1408,35.705093,8.724886
1408,1409,-4.1526694,28.809162
1409,1410,-9.5599985,57.287815
1410,1411,-38.50195,6.268132
1411,1412,45.27214,-23.322157
1412,1413,36.133972,-15.825537
1413,1414,-4.480022,-22.481281
1414,1415,-2.0504215,4.224123
1415,1416,-14.297518,56.40432
1416,1417,33.743095,-28.397493
1417,1418,-5.378642,34.375336
1418,1419,-15.073366,10.199698
1419,1420,-1.1112761,57.95366
1420,1421,-0.44014218,4.4173017
1421,1422,3.0074887,-13.238079
1422,1423,-12.897053,-45.053932
1423,1424,18.644466,4.3841662
1424,1425,-20.021475,13.890831
1425,1426,-29.181313,-20.487375
1426,1427,-28.617823,22.13651
1427,1428,28.074137,18.396488
1428,1429,-24.539383,12.191035
1429,1430,-23.536837,-49.50193
1430,1431,-2.338102,62.26629
1431,1432,-0.66668856,5.2096243
1432,1433,23.889685,-41.555717
1433,1434,32.577866,-14.356005
1434,1435,-16.555109,-56.646973
1435,1436,-29.863157,-7.6105604
1436,1437,-23.130371,-58.29527
1437,1438,-11.4518385,11.307067
1438,1439,-44.96888,-34.926666
1439,1440,-21.989119,-44.41295
1440,1441,-44.60154,14.388116
1441,1442,-3.5851586,46.76321
1442,1443,-47.92628,-23.41444
1443,1444,-23.853273,12.201944
1444,1445,11.702694,50.522835
1445,1446,1.9274892,-26.829498
1446,1447,43.189003,-9.928338
1447,1448,37.061287,-6.930362
1448,1449,1.0455089,52.00853
1449,1450,18.379574,32.66141
1450,1451,-2.6687505,35.633614
1451,1452,-7.84903,-9.8591175
1452,1453,15.341235,-23.39551
1453,1454,-9.894657,-53.943146
1454,1455,-8.468057,-16.840008
1455,1456,-21.362902,-42.257534
1456,1457,-20.356379,-33.502388
1457,1458,0.85098404,7.0664206
1458,1459,48.41947,-16.082426
1459,1460,-33.451057,12.286616
1460,1461,50.220646,-8.663172
1461,1462,3.0023208,-4.6380563
1462,1463,-11.459522,8.743097
1463,1464,13.920665,-14.370703
1464,1465,0.00075385754,41.453007
1465,1466,-39.148327,-27.288448
1466,1467,-4.0696964,-54.781857
1467,1468,18.046947,37.743362
1468,1469,-28.15989,-24.007793
1469,1470,25.538984,-26.191277
1470,1471,-23.76563,-9.211294
1471,1472,33.695976,43.86443
1472,1473,7.0376363,45.089684
1473,1474,-48.01669,-1.083291
1474,1475,-9.0824175,-20.566013
1475,1476,-30.40591,22.694485
1476,1477,-13.367881,7.3443
1477,1478,52.722477,-7.0179706
1478,1479,-8.713621,-42.882236
1479,1480,-8.202366,-38.78714
1480,1481,-20.422308,27.42364
1481,1482,29.05263,-20.539597
1482,1483,-17.564358,-38.823406
1483,1484,9.510924,27.466291
1484,1485,42.76013,-14.4805155
1485,1486,-31.020433,4.04501
1486,1487,1.1796006,22.212584
1487,1488,9.44702,50.13256
1488,1489,-10.255048,21.039848
1489,1490,-3.9356284,-53.44709
1490,1491,45.86487,-12.936678
1491,1492,23.606052,42.983246
1492,1493,-2.8829832,-10.173079
1493,1494,-11.358487,-6.899296
1494,1495,-10.815986,36.32694
1495,1496,10.039183,-40.766567
1496,1497,-0.8017509,1.3442423
1497,1498,28.195004,25.456337
1498,1499,39.927906,23.011152
1499,1500,33.87156,45.942688
1500,1501,-8.240617,50.76997
1501,1502,-5.4966145,-20.581766
1502,1503,8.543611,5.8811555
1503,1504,-11.822777,10.398628
1504,1505,-19.66872,-30.64776
1505,1506,-16.805882,25.286081
1506,1507,-39.851105,-3.082874
1507,1508,-2.171607,58.517586
1508,1509,2.2351093,51.05545
1509,1510,28.303308,17.747355
1510,1511,19.207134,-8.712908
1511,1512,2.2606554,7.209233
1512,1513,-33.027786,-14.315617
1513,1514,-24.908821,-21.657484
1514,1515,24.115107,32.864563
1515,1516,24.472807,13.016644
1516,1517,18.934238,51.418537
1517,1518,-7.394838,13.242907
1518,1519,6.5329313,17.951502
1519,1520,-9.121913,19.910471
1520,1521,-49.589767,4.892803
1521,1522,23.977339,28.501396
1522,1523,-12.888499,-30.165007
1523,1524,26.6462,23.643257
1524,1525,7.185818,45.351852
1525,1526,-13.04713,20.2727
1526,1527,3.3024554,18.14551
1527,1528,16.916256,-7.0111575
1528,1529,49.256035,-22.83596
1529,1530,-8.186897,-15.59379
1530,1531,-7.632315,-1.1177508
1531,1532,8.676561,41.279404
1532,1533,-0.505895,-9.78844
1533,1534,-19.862223,-41.346104
1534,1535,18.767282,48.71663
1535,1536,-8.215502,-16.004274
1536,1537,60.506023,-22.442766
1537,1538,-9.029935,-3.8362112
1538,1539,5.507437,-35.45903
1539,1540,23.100487,-25.06124
1540,1541,-13.8630705,-53.243404
1541,1542,18.54547,44.36259
1542,1543,17.592564,-12.982509
1543,1544,5.6024895,-30.218452
1544,1545,4.327044,-38.151573
1545,1546,4.3648143,40.349247
1546,1547,38.752728,-20.967201
1547,1548,3.5355158,15.1388235
1548,1549,1.27293,41.20418
1549,1550,-4.50802,22.067621
1550,1551,42.328453,-21.442244
1551,1552,28.857145,9.825403
1552,1553,6.7851267,-15.705908
1553,1554,32.458977,-30.379206
1554,1555,50.62812,-15.246732
1555,1556,32.678158,35.239056
1556,1557,22.74815,-15.552994
1557,1558,16.803726,0.47114927
1558,1559,-29.936016,0.8087623
1559,1560,0.4609091,-11.544632
1560,1561,-1.982933,53.7393
1561,1562,-48.744423,-22.142696
1562,1563,19.64686,27.362297
1563,1564,6.015643,0.53332686
1564,1565,10.594582,8.589519
1565,1566,-22.529531,3.0841663
1566,1567,32.07765,-0.27886948
1567,1568,24.27261,-3.2747564
1568,1569,1.4973016,-10.455604
1569,1570,-33.53414,2.097749
1570,1571,54.042755,-8.026415
1571,1572,-14.09948,37.30189
1572,1573,-20.093655,11.99802
1573,1574,11.97511,45.878315
1574,1575,7.526667,53.603344
1575,1576,5.888118,-36.5271
1576,1577,-0.15980454,46.26451
1577,1578,-39.221355,-0.34746474
1578,1579,-14.370782,56.726444
1579,1580,12.601469,5.5082164
1580,1581,26.774181,12.072737
1581,1582,15.0796385,-12.745809
1582,1583,-16.126455,-25.458372
1583,1584,23.699682,16.335943
1584,1585,-33.30529,-13.327716
1585,1586,-28.303507,7.5234528
1586,1587,53.90699,-19.094767
1587,1588,11.544833,-6.4813633
1588,1589,-14.808875,-3.420927
1589,1590,26.236357,36.09556
1590,1591,-0.73572415,46.02223
1591,1592,-6.284749,-21.447208
1592,1593,1.288566,-14.023008
1593,1594,2.8025644,-5.7301364
1594,1595,33.713802,-9.820811
1595,1596,-19.385635,-0.7764504
1596,1597,-19.191904,22.453115
1597,1598,24.653952,44.77747
1598,1599,22.065863,40.480247
1599,1600,25.964104,18.207315
1600,1601,18.986328,14.028779
1601,1602,-27.465641,-49.342663
1602,1603,24.564749,21.647095
1603,1604,5.0590553,28.644447
1604,1605,-9.543919,-9.613529
1605,1606,-9.070229,56.028538
1606,1607,7.776465,-5.3827477
1607,1608,15.067136,43.425846
1608,1609,27.95016,-33.90706
1609,1610,-14.184633,-12.262858
1610,1611,7.7383275,17.684574
1611,1612,9.797934,52.192764
1612,1613,-13.930719,45.74082
1613,1614,32.387486,13.226019
1614,1615,20.799076,-5.5728364
1615,1616,43.36721,24.837774
1616,1617,3.3974307,-13.247145
1617,1618,-13.09232,20.186817
1618,1619,27.708113,-12.663687
1619,1620,16.412384,30.303728
1620,1621,13.402412,53.828365
1621,1622,13.675741,-10.657933
1622,1623,-7.05276,37.491966
1623,1624,-4.6066957,-16.075514
1624,1625,53.31178,-21.9923
1625,1626,0.62814045,7.3218303
1626,1627,12.997181,21.057552
1627,1628,21.826513,-5.6639266
1628,1629,-31.286678,-26.902786
1629,1630,19.360277,6.3289237
1630,1631,-22.352802,46.952045
1631,1632,34.71435,-26.633324
1632,1633,2.7147727,49.44467
1633,1634,8.205974,33.7733
1634,1635,22.719341,26.290327
1635,1636,59.242256,-4.0265594
1636,1637,20.950651,19.85666
1637,1638,-7.5834002,40.49325
1638,1639,37.311203,31.607878
1639,1640,-5.93093,-21.34879
1640,1641,-28.237476,-8.782658
1641,1642,-6.5644035,29.6776
1642,1643,-6.9203033,15.926074
1643,1644,11.495797,21.119436
1644,1645,-27.91039,22.863773
1645,1646,-18.37585,25.94063
1646,1647,-15.496379,14.130801
1647,1648,50.46563,-22.112957
1648,1649,5.0511494,36.680416
1649,1650,4.756771,-41.285713
1650,1651,32.647465,17.85294
1651,1652,-11.8938875,-42.744476
1652,1653,-6.939711,52.09848
1653,1654,-27.975708,44.94744
1654,1655,22.05988,34.61535
1655,1656,19.338837,44.267372
1656,1657,11.109826,17.941149
1657,1658,-38.07721,-12.518111
1658,1659,8.154196,17.007616
1659,1660,-17.200235,-27.104923
1660,1661,-7.9797,-22.687067
1661,1662,-38.601807,-9.944576
1662,1663,11.389548,40.519817
1663,1664,0.23405956,-29.515139
1664,1665,-2.6384797,5.585711
1665,1666,15.262994,17.474262
1666,1667,50.690136,-20.434093
1667,1668,-28.55077,6.8021636
1668,1669,5.83871,8.544185
1669,1670,31.744154,10.391906
1670,1671,-10.393695,50.89214
1671,1672,-5.1731677,31.962414
1672,1673,29.323236,35.785282
1673,1674,25.600142,10.21993
1674,1675,27.651747,31.897738
1675,1676,14.959141,47.401314
1676,1677,-45.41202,-11.669426
1677,1678,59.36315,-3.8213396
1678,1679,53.331474,-21.952877
1679,1680,34.284855,22.205275
1680,1681,-11.054265,65.696976
1681,1682,-0.8720712,24.773024
1682,1683,4.7362247,42.124043
1683,1684,-5.7051716,-5.6756353
1684,1685,52.322483,-1.6161098
1685,1686,-22.303766,-46.215225
1686,1687,-2.4633782,-28.798166
1687,1688,38.82578,-21.327972
1688,1689,-28.342789,22.35178
1689,1690,-5.8778567,56.11621
1690,1691,-11.357416,48.147133
1691,1692,54.74553,-3.7594094
1692,1693,31.551048,15.6482525
1693,1694,13.939889,31.671862
1694,1695,-19.875729,12.986778
1695,1696,-17.325834,20.483599
1696,1697,-6.433613,-28.246592
1697,1698,11.905641,48.224476
1698,1699,22.587986,-8.241338
1699,1700,-6.4653053,12.977236
1700,1701,-9.151038,51.24411
1701,1702,-21.205118,-40.122112
1702,1703,21.29128,-8.230927
1703,1704,26.127676,15.795984
1704,1705,27.633934,30.33951
1705,1706,-29.179657,-31.946472
1706,1707,46.98556,0.23179851
1707,1708,12.806875,1.0180964
1708,1709,18.220005,-16.203629
1709,1710,26.4285,24.966198
1710,1711,-36.350914,-30.804962
1711,1712,19.72404,-10.219389
1712,1713,20.714035,-9.3548765
1713,1714,24.796041,37.987225
1714,1715,35.3422,34.170105
1715,1716,-26.502928,-26.00784
1716,1717,-44.247044,-35.03974
1717,1718,-27.985561,9.026451
1718,1719,-30.827793,7.415141
1719,1720,31.13316,15.240725
1720,1721,-6.2454596,13.008525
1721,1722,16.126457,10.138605
1722,1723,7.7008734,46.01191
1723,1724,-15.59102,13.339642
1724,1725,18.41058,51.089985
1725,1726,33.51997,42.613705
1726,1727,7.772622,54.150154
1727,1728,-25.91234,8.409888
1728,1729,25.719545,42.764774
1729,1730,-22.028751,-10.232187
1730,1731,-8.250695,-10.510069
1731,1732,3.885472,52.710934
1732,1733,4.010769,37.191093
1733,1734,-6.4616475,41.631176
1734,1735,34.888565,29.077301
1735,1736,29.060755,31.905725
1736,1737,14.938497,0.30587673
1737,1738,17.440142,50.058037
1738,1739,-9.581979,-32.822483
1739,1740,-35.561584,-13.96584
1740,1741,21.491674,48.659184
1741,1742,11.315302,48.398663
1742,1743,-27.249554,-14.130101
1743,1744,39.747173,24.26411
1744,1745,32.489773,26.701979
1745,1746,-7.986345,-28.945599
1746,1747,3.6494658,18.938326
1747,1748,4.6625276,19.009998
1748,1749,29.885715,29.544327
1749,1750,52.084137,-22.849762
1750,1751,-12.663677,14.316722
1751,1752,47.988262,-9.099287
1752,1753,29.739267,11.237945
1753,1754,33.829567,35.23756
1754,1755,-19.348722,19.112852
1755,1756,28.215492,38.963207
1756,1757,48.78206,-17.015219
1757,1758,9.691341,21.227392
1758,1759,44.876873,-22.57039
1759,1760,-10.718101,-14.081438
1760,1761,-33.415756,-4.4559283
1761,1762,38.43824,-7.2674255
1762,1763,-21.858175,35.39498
1763,1764,-19.687338,19.264654
1764,1765,-20.867805,-12.223363
1765,1766,45.80663,25.028196
1766,1767,56.111145,1.4915293
1767,1768,2.400818,-51.157486
1768,1769,-43.145954,-16.613432
1769,1770,-10.019407,-43.94171
1770,1771,20.02992,-40.55923
1771,1772,-3.19468,-52.928005
1772,1773,-38.07107,1.7313415
1773,1774,44.610825,23.962812
1774,1775,-22.68478,46.243122
1775,1776,34.434124,7.4594245
1776,1777,-15.924209,1.1778902
1777,1778,22.508265,33.66199
1778,1779,-5.881315,-36.80439
1779,1780,19.266548,17.340841
1780,1781,18.428087,42.862892
1781,1782,-2.0501256,27.70198
1782,1783,-22.65583,-8.040537
1783,1784,10.316617,42.845146
1784,1785,8.622055,57.806953
1785,1786,-7.597253,-13.537642
1786,1787,-25.013777,9.193853
1787,1788,22.437183,44.76996
1788,1789,-21.635067,-2.1497056
1789,1790,-14.306014,-19.261145
1790,1791,25.287647,47.35898
1791,1792,54.32766,-19.711742
1792,1793,21.10808,46.955822
1793,1794,19.745922,45.358295
1794,1795,19.131191,46.68636
1795,1796,18.758678,49.63692
1796,1797,37.240902,33.500996
1797,1798,23.521452,48.12135
1798,1799,37.656357,-26.186172
1799,1800,-45.255043,-16.80222
1800,1801,12.462624,6.376223
1801,1802,-5.9840674,11.961209
1802,1803,-40.52437,28.54074
1803,1804,1.5610875,-34.08165
1804,1805,-38.35055,-11.983042
1805,1806,-30.975014,7.2041335
1806,1807,-4.0745993,-14.649718
1807,1808,-14.716443,-18.647558
1808,1809,0.21861479,41.255318
1809,1810,37.00929,-28.590174
1810,1811,6.3027587,37.38932
1811,1812,-2.4600606,-9.947127
1812,1813,23.06322,17.370485
1813,1814,28.765072,15.066874
1814,1815,16.955832,45.559708
1815,1816,-47.49982,-21.830828
1816,1817,14.259011,-2.9970865
1817,1818,19.734312,-13.216654
1818,1819,15.725271,56.77002
1819,1820,10.299163,22.953354
1820,1821,-9.880087,24.55685
1821,1822,14.012025,17.396755
1822,1823,-6.700841,38.997074
1823,1824,46.026894,-18.034973
1824,1825,-4.1027317,16.290216
1825,1826,30.211178,34.566532
1826,1827,9.227402,-22.021343
1827,1828,4.50652,33.782158
1828,1829,19.403824,19.212467
1829,1830,4.377465,33.919476
1830,1831,15.165711,-3.8895736
1831,1832,-6.3975725,55.374027
1832,1833,-19.829264,12.646535
1833,1834,7.241135,21.222216
1834,1835,-1.0036566,61.36671
1835,1836,-15.99337,30.634188
1836,1837,-13.568422,-9.644467
1837,1838,11.229756,36.0639
1838,1839,13.71239,0.20206591
1839,1840,20.564093,2.9486587
1840,1841,-9.609496,-50.233665
1841,1842,-8.977985,-25.457958
1842,1843,11.29544,24.701488
1843,1844,-12.633118,-20.118187
1844,1845,11.444678,41.44771
1845,1846,21.300905,13.608351
1846,1847,-12.116183,-7.1134295
1847,1848,-38.49312,-11.3690195
1848,1849,45.47287,-12.681546
1849,1850,-23.595633,-23.817577
1850,1851,-31.54016,-6.538501
1851,1852,15.167286,44.621746
1852,1853,41.52675,23.872044
1853,1854,53.734936,-2.3010871
1854,1855,25.815325,47.53685
1855,1856,40.711025,-8.439368
1856,1857,-24.382229,-32.506702
1857,1858,36.552094,-16.279078
1858,1859,-3.3755355,-20.1465
1859,1860,-6.1651807,-49.832264
1860,1861,-6.727629,46.776604
1861,1862,46.18538,-2.5385761
1862,1863,5.132522,42.288013
1863,1864,-14.998724,3.7077081
1864,1865,8.826897,57.76505
1865,1866,-2.1268985,30.270157
1866,1867,4.138788,-43.021088
1867,1868,7.056272,8.530819
1868,1869,-11.12264,65.5898
1869,1870,-32.228683,-26.352758
1870,1871,-1.527381,-12.906289
1871,1872,-28.83559,5.62599
1872,1873,-0.38618222,-44.398045
1873,1874,15.667218,40.328655
1874,1875,-28.071447,5.5839386
1875,1876,-2.2334707,32.101475
1876,1877,4.837992,-31.15942
1877,1878,-0.4333738,51.147793
1878,1879,-27.439754,-26.358507
1879,1880,-9.220836,53.238567
1880,1881,-47.20996,-33.91915
1881,1882,-3.9299204,46.726814
1882,1883,7.3859406,5.223506
1883,1884,7.509547,52.796997
1884,1885,13.348763,41.85468
1885,1886,-9.349842,36.66188
1886,1887,8.623771,54.60157
1887,1888,34.930115,25.576513
1888,1889,-1.5378709,41.941216
1889,1890,31.912624,31.943737
1890,1891,9.97765,-12.279458
1891,1892,9.158625,49.31398
1892,1893,-8.892342,38.304825
1893,1894,11.741766,10.393194
1894,1895,18.065535,40.832287
1895,1896,19.929247,46.509373
1896,1897,18.56453,46.68421
1897,1898,-12.824751,-35.597054
1898,1899,25.911741,25.081133
1899,1900,-3.8071544,-49.915283
1900,1901,-3.308195,-24.689674
1901,1902,34.591885,46.432228
1902,1903,-2.077733,-10.922357
1903,1904,-5.390251,49.04307
1904,1905,31.736538,0.042744607
1905,1906,-38.758793,-32.10935
1906,1907,12.521964,9.432665
1907,1908,-11.016949,-21.689796
1908,1909,-14.923377,57.67977
1909,1910,28.966232,11.749194
1910,1911,-14.276139,37.222267
1911,1912,-5.6390495,18.86076
1912,1913,-12.127789,36.323544
1913,1914,-5.5327826,-0.35934314
1914,1915,-15.549897,32.519905
1915,1916,45.885853,-24.84145
1916,1917,-6.50101,-40.982258
1917,1918,-6.5665693,-35.12576
1918,1919,-30.893131,-27.960827
1919,1920,52.744076,-17.838633
1920,1921,29.80689,32.306164
1921,1922,32.961826,13.502967
1922,1923,3.697417,54.982906
1923,1924,12.889773,24.164154
1924,1925,35.80802,16.660091
1925,1926,-34.357136,-14.395724
1926,1927,19.586649,38.332787
1927,1928,23.509771,-18.386099
1928,1929,-25.27798,41.301914
1929,1930,38.120716,-9.244383
1930,1931,-36.685112,-22.495516
1931,1932,-15.905908,-7.783488
1932,1933,28.140806,-15.447947
1933,1934,1.1329505,39.453323
1934,1935,-31.151913,-28.17674
1935,1936,25.195044,31.864803
1936,1937,46.130344,-24.818068
1937,1938,-14.050226,-19.748623
1938,1939,11.1500635,43.400826
1939,1940,-4.0771923,45.155323
1940,1941,27.542362,8.371245
1941,1942,-0.62497777,0.65272313
1942,1943,-3.8461485,-49.45225
1943,1944,21.253613,20.507092
1944,1945,-0.28029066,60.149166
1945,1946,-9.875159,-45.01468
1946,1947,4.5270653,-30.731468
1947,1948,2.3062484,-43.183334
1948,1949,43.948143,26.116707
1949,1950,-5.5887957,56.535645
1950,1951,24.039663,0.6365919
1951,1952,-3.4670794,27.076107
1952,1953,38.87337,-13.940142
1953,1954,24.022997,-22.46197
1954,1955,-12.148504,-30.322054
1955,1956,14.417269,54.87517
1956,1957,37.040802,-21.267582
1957,1958,11.915659,4.793413
1958,1959,48.20917,-17.230375
1959,1960,51.204655,-2.2319112
1960,1961,-44.29652,-17.242737
1961,1962,47.11567,-12.5486965
1962,1963,-27.95465,43.445488
1963,1964,7.038904,-14.124151
1964,1965,19.40302,37.060406
1965,1966,11.772418,52.58372
1966,1967,16.201763,51.21521
1967,1968,15.080268,53.494686
1968,1969,-14.110284,38.87097
1969,1970,47.626495,-24.142746
1970,1971,-3.4343863,-37.59003
1971,1972,20.996012,37.13811
1972,1973,6.785192,37.274246
1973,1974,-6.786779,10.151157
1974,1975,-9.459057,35.05683
1975,1976,-35.545456,-34.097958
1976,1977,20.718008,44.455444
1977,1978,-29.662422,-28.645868
1978,1979,11.050657,28.65005
1979,1980,27.163061,6.363112
1980,1981,-25.693054,-8.268339
1981,1982,35.27465,29.159863
1982,1983,-22.789902,46.123985
1983,1984,5.780631,-17.213583
1984,1985,-1.9189717,15.731323
1985,1986,33.649006,42.975346
1986,1987,54.663177,-3.9370427
1987,1988,-7.4016366,-15.565784
1988,1989,-47.841663,-22.904385
1989,1990,12.895074,4.2706184
1990,1991,-5.3568563,48.08368
1991,1992,46.57296,0.7242381
1992,1993,-12.086112,55.723473
1993,1994,10.116074,51.93625
1994,1995,-44.35237,-18.465466
1995,1996,3.0520723,-34.985226
1996,1997,-2.8635216,-9.3595085
1997,1998,11.033678,27.118721
1998,1999,12.829158,28.584558
1999,2000,0.039775707,41.421734
2000,2001,52.25244,-2.22309
2001,2002,46.74632,-17.687252
2002,2003,9.646457,29.828302
2003,2004,24.091364,40.47662
2004,2005,-19.327923,-30.522575
2005,2006,-6.2954125,31.579796
2006,2007,17.688913,52.124046
2007,2008,31.52142,8.285007
2008,2009,45.223976,-1.9951884
2009,2010,-15.994285,30.943403
2010,2011,-0.56179595,51.438663
2011,2012,13.840464,46.405384
2012,2013,21.636871,19.039959
2013,2014,-0.84701747,54.810146
2014,2015,-0.15112902,-53.197823
